"ExternalKey","PromoCode","Name","EventType","StartDate","EndDate","Mechanics","DisplayType","CustomerStatus"
"NVGMYP00000000476134","POSM CHARG","24_BSN_MDLZ_POSM DELIVERY","Trade Spend Only","01/06/2024","31/12/2024","Others","Homeshelf","Sent for confirmation"
"NVGMYP00000000476765","DISPLAY","Lotuss Self COC Display Investment","Trade Spend Only","01/06/2024","31/12/2024","Price-Off","","Sent for confirmation"
"NVGMYP00000000476766","DISPLAY","Lotuss Striker Unit Display Investment ","Trade Spend Only","01/09/2024","31/12/2024","Price-Off","","Sent for confirmation"
"NVGMYP00000000476824","2024","FY2024_TFP_CAD_TTA_MAILER FEE_2024 ","Trade Spend Only","01/01/2024","31/12/2024","NA","","Sent for confirmation"
"NVGMYP00000000476825","TFPNSO","FY2024_TFP_CAD_TTA_NEW STORE OPENING_2024 ","Trade Spend Only","01/01/2024","31/12/2024","NA","","Sent for confirmation"
"NVGMYP00000000476946","INSTORE","07-12_7E_MDLZ_CAD COOKIE_STANDEE","Default","10/06/2024","16/12/2024","Price-Off","Homeshelf","Sent for confirmation"
"NVGMYP00000000476947","FRIDGE TRA","07-12_BSN_CAD_CDM SMALL BAR FRIDGE TRAY","Default","17/06/2024","16/12/2024","Price-Off","Display - Medium","Sent for confirmation"
"NVGMYP00000000482720","CHOC_24","DEC24_GIANT_CADBURY_HOT BEV_BUY 1 RM16.99_TPR7%_MAILER ","Default","12/12/2024","01/01/2025","Price-Off","Display - Small","Sent for confirmation"
"NVGMYP00000000482765","BEV 12","DEC24_AEON_CAD_HOT CHOC_BUY 1 @ RM17.79_7%_4x4_DB","Default","25/11/2024","10/12/2024","Price-Off","Display - Big","Sent for confirmation"
"NVGMYP00000000482774","BEV 12","DEC24_AEONBIG_CAD_CADBURY 3IN1_BUY 1 @ RM14.50_7%_GE_DB","Default","25/11/2024","10/12/2024","Price-Off","Display - Big","Sent for confirmation"
"NVGMYP00000000483408","CHOC 12","DEC24_AEONBIG_MDLZ_TOB SB_BUY 1 @ RM15.49_12%","Default","25/11/2024","28/12/2024","Price-Off","Homeshelf","Sent for confirmation"
"NVGMYP00000000483886","99SMEDLP","99SM CAD_CRUNCHIE_ TPR 19.15%_EDLP","Trade Spend Only","31/07/2024","31/12/2024","Price-Off","","Sent for confirmation"
"NVGMYP00000000484077","CLEARANCE","Lotuss_CadburyAU_Clearance 0224- 0624","Trade Spend Only","04/02/2024","05/06/2024","Price-Off","","Sent for confirmation"
"NVGMYP00000000484112","CLEARANCE","Lotuss_Cadbury_Clearance 0724-1224","Trade Spend Only","15/07/2024","31/12/2024","Price-Off","","Sent for confirmation"
"NVGMYP00000000484114","CLEARANCE","Lotuss_TobleroneSharebag_Clearance","Trade Spend Only","15/07/2024","31/12/2024","NA","","Sent for confirmation"
"NVGMYP00000000484138","GE","1224_7E_CAD_HALLS XS_GE","Trade Spend Only","18/11/2024","16/12/2024","Price-Off","Display - Big","Sent for confirmation"
"NVGMYP00000000484171","GE","1224_7E_MDLZ_OREO FS_GE","Trade Spend Only","11/11/2024","16/12/2024","Price-Off","Display - Big","Sent for confirmation"
"NVGMYP00000000462229","99SM1224","99SM_CAD_CDM SHAREBAG 300G_TPR8%@RM14.50_1224 ","Default","13/11/2024","14/12/2024","Price-Off","Display - Medium","Sent for confirmation"
"NVGMYP00000000462594","LISTING","7E_CADBURY_2024 LISTING FEES","Trade Spend Only","01/01/2024","31/12/2024","NA","","Sent for confirmation"
"NVGMYP00000000462596","LISTING","7E_MDLZ_2024 LISTING FEES","Trade Spend Only","01/01/2024","31/12/2024","NA","","Sent for confirmation"
"NVGMYP00000000463760","99SMEDLP","99SM CAD_CDM NEAP JAR_ TPR 8%_EDLP ","Trade Spend Only","01/01/2024","31/12/2024","Price-Off","","Sent for confirmation"
"NVGMYP00000000463761","99SMEDLP","99SM_MDLZ_TOBLERONE SB_TPR5%_EDLP","Trade Spend Only","01/01/2024","31/12/2024","NA","","Sent for confirmation"
"NVGMYP00000000450528","99SMEDLP","99SM_CAD ZIP SHAREBAG TPR7%+2.59%_EDLP","Trade Spend Only","01/01/2024","31/12/2024","NA","","Sent for confirmation"
"NVGMYP00000000450532","99SMEDLP","99SM_MDLZ_CADBURY COOKIES_TPR5%_EDLP","Trade Spend Only","01/01/2024","31/12/2024","NA","","Sent for confirmation"
"NVGMYP00000000450647","99SMACTIVATION ","99SM_MDLZ_BISCUIT PROMO ACTIVATION_H224","Trade Spend Only","01/07/2024","31/12/2024","NA","","Sent for confirmation"
"NVGMYP00000000451016","INSTOREDEC24","MYDIN_CADBURY_CDM 160G_BUY 1@RM7.29_TPR 15%_IN STOREDEC24","Default","09/12/2024","28/01/2025","NA","Display - Big","Sent for confirmation"
"NVGMYP00000000451056","INSTOREDEC24","MYDIN_CADBURY_CDM SHAREBAG_BUY 1@RM8.49_TPR 10%_INSTORE DEC24","Default","09/12/2024","28/01/2025","NA","Display - Big","Sent for confirmation"
"NVGMYP00000000451517","24/11/2024 00:00:00","MYDIN_MDLZ_JACOBS VALUE PACK_BUY 1@ RM5.29 TPR 5.0%_NOV24","Default","14/11/2024","16/12/2024","NA","Homeshelf","Sent for confirmation"
"NVGMYP00000000451530","NOV24","MYDIN_MDLZ_CADBURY COOKIES_B2 @ RM12.99_TPR 5%_INSTORENOV24","Default","11/11/2024","29/12/2024","NA","Display - Big","Sent for confirmation"
"NVGMYP00000000451540","24/11/2024 00:00:00","MYDIN_MDLZ_CHACHOS 70G_BUY 1 @ RM2.69_TPR 5%_NOV24","Default","14/11/2024","16/12/2024","NA","Homeshelf","Sent for confirmation"
"NVGMYP00000000452076","NSO'24","24_7E_CAD NSO 0.07%","Trade Spend Only","01/01/2024","31/12/2024","Others","","Sent for confirmation"
"NVGMYP00000000452133","24/12/2024 00:00:00","WATSON_MDLZ_OREO FS_TPR 10%_ Buy 1 @ RM3_DEC24","Default","26/11/2024","23/12/2024","NA","Homeshelf","Sent for confirmation"
"NVGMYP00000000452152","24/12/2024 00:00:00","CARING_MONDELEZ_CM OATS MINI 80G_TPR 5%_DEC24","Default","01/12/2024","31/12/2024","NA","Homeshelf","Sent for confirmation"
"NVGMYP00000000452307","Display","GIANT_CADBURY_6%TTA DISPLAY","Trade Spend Only","01/04/2024","29/12/2024","NA","","Sent for confirmation"
"NVGMYP00000000452268","Display","GIANT_MDLZ_TTA 6%_PERMANENT DISPLAYS","Trade Spend Only","01/04/2024","29/12/2024","Price-Off","","Sent for confirmation"
"NVGMYP00000000452359","99SMEDLP","99SM CAD_CDM SHAREBAG 288G_ TPR 5%+ 4.31%_EDLP","Trade Spend Only","01/01/2024","31/12/2024","Price-Off","","Sent for confirmation"
"NVGMYP00000000452549","CLEARANCE","24_7E_MDLZ_CLEARANCE_50%_INSTORE","Default","01/01/2024","31/12/2024","NA","Homeshelf","Sent for confirmation"
"NVGMYP00000000452659","INSTOREDEC24","MYDIN_CADBURY_CDM 160G INCLUSION_BUY 1@RM7.29_TPR 15%_INSTORE DEC24","Default","09/12/2024","28/01/2025","NA","Display - Big","Sent for confirmation"
"NVGMYP00000000452790","CLEARANCE","24_7E_CAD_CLEARANCE_50%_INSTORE","Default","01/01/2024","31/12/2024","NA","Homeshelf","Sent for confirmation"
"NVGMYP00000000452808","NSO","24_7E_MDLZ_NSO 0.09%","Trade Spend Only","01/01/2024","31/12/2024","NA","","Sent for confirmation"
"NVGMYP00000000452841","TTA2024","CARING_CADBURY_NEW STORE OPENING & REFIT STORES","Trade Spend Only","01/01/2024","31/12/2024","NA","","Sent for confirmation"
"NVGMYP00000000452842","TTA2024","CARING_MONDELEZ_NEW STORE OPENING & REFIT STORES","Trade Spend Only","01/01/2024","31/12/2024","NA","","Sent for confirmation"
"NVGMYP00000000452843","TTA2024","WATSONS_MONDELEZ_NEW STORE OPENING & REFIT STORE","Trade Spend Only","01/01/2024","31/12/2024","NA","","Sent for confirmation"
"NVGMYP00000000452846","TTA2024","WATSON_CADBURY_NEW STORE OPENING & REFIT STORE","Trade Spend Only","01/01/2024","31/12/2024","NA","","Sent for confirmation"
"NVGMYP00000000452903","wkxx","Lotuss_Mdlz Cheezels MP Buy 1 @ RM4.39 TPR 15% - 1224","Default","05/11/2024","24/12/2024","Price-Off","Display - Small","Sent for confirmation"
"NVGMYP00000000452922","wk51","Lotuss_Mdlz_Twisties Cheezels MP _Buy1_RM4.39_TPR15%_1224","Default","10/12/2024","24/12/2024","Price-Off","Display - Small","Sent for confirmation"
"NVGMYP00000000452972","WK51","Lotuss Mdlz Jacob Baked Crisps @ RM8.99 TPR 4%- 1224","Default","26/11/2024","10/12/2024","Price-Off","Display - Small","Sent for confirmation"
"NVGMYP00000000452973","WK47","Lotuss Mdlz Jacob Baked Crisps @ RM8.99 TPR 4%- 1124-1224","Default","12/11/2024","10/12/2024","Price-Off","Display - Small","Sent for confirmation"
"NVGMYP00000000452980","WK49-51","Lotuss_Mdlz_Jacob_MPK 600g _RM8.99_TPR_6%-14%_1224","Default","27/11/2024","24/12/2024","Price-Off","Display - Small","Sent for confirmation"
"NVGMYP00000000452988","WK","Lotuss Mdlz Oreo MP @ RM5.99 TPR 10% - 1224","Default","10/12/2024","24/12/2024","Price-Off","Display - Medium","Sent for confirmation"
"NVGMYP00000000453000","wkxx","Lotuss Mdlz Oreo FS @ RM2.79 TPR 8% - 1124","Default","26/11/2024","10/12/2024","Price-Off","Display - Medium","Sent for confirmation"
"NVGMYP00000000453001","wkxx","Lotuss Mdlz Oreo FS @ RM2.79 TPR 8% - 1224","Default","09/12/2024","22/12/2024","Price-Off","Display - Medium","Sent for confirmation"
"NVGMYP00000000453051","2024","MYDIN_CADBURY_CHOCOLATES DISPLAY & AD HOC 2024","Trade Spend Only","01/01/2024","31/12/2024","NA","","Sent for confirmation"
"NVGMYP00000000453062","WK51","Lotuss_Mdlz_Chipsmore 135g_RM3.49_TPR11%_1224","Default","10/12/2024","28/01/2025","Price-Off","Display - Small","Sent for confirmation"
"NVGMYP00000000453077","2024","MYDIN_CADBURY_MMI DISPLAY INVESTMENT 2024","Trade Spend Only","01/01/2024","31/12/2024","NA","","Sent for confirmation"
"NVGMYP00000000453089","2024","MYDIN_CADBURY_ ANNIVERSARY/ BRAND FAIR SUPPORT","Trade Spend Only","01/09/2024","31/12/2024","NA","","Sent for confirmation"
"NVGMYP00000000453092","99SM10241224","99SM_MDLZ_OREO FS_TPR10%@RM2.99_10241224","Default","15/10/2024","17/01/2025","Price-Off","Display - Big","Sent for confirmation"
"NVGMYP00000000453103","99SM1224","99SM_MDLZ_OREO MP_TPR 8%@RM6.10_1224","Default","26/11/2024","02/01/2025","Price-Off","Display - Medium","Sent for confirmation"
"NVGMYP00000000453120","99SM1224","99SM_MDLZ_CHIPSMORE MP_TPR8%@RM6.05_1124","Default","05/11/2024","12/12/2024","Price-Off","Display - Small","Sent for confirmation"
"NVGMYP00000000453124","2024","MYDIN_CADBURY_CDM 160G_WHOLESALES_TPR 2%-10%_Q424","Trade Spend Only","01/10/2024","31/12/2024","NA","","Sent for confirmation"
"NVGMYP00000000453130","2024","MYDIN_MDLZ_BISNACK_ DISPLAY & AD HOC 2024","Trade Spend Only","01/01/2024","31/12/2024","NA","","Sent for confirmation"
"NVGMYP00000000453160","OREO24","MYDIN_MDLZ_OREO FS_TPR 13%_BESPOKE EDLP_Q424","Default","01/10/2024","31/12/2024","NA","Homeshelf","Sent for confirmation"
"NVGMYP00000000453316","wk49","Lotuss Mdlz Chipsmore MP @ RM5.99 TPR7% - 1124","Default","26/11/2024","10/12/2024","Price-Off","Display - Medium","Sent for confirmation"
"NVGMYP00000000453318","wk51","Lotuss_Mdlz_Chipsmore MP_RM5.99_TPR8%_1224","Default","09/12/2024","28/01/2025","Price-Off","Display - Medium","Sent for confirmation"
"NVGMYP00000000453330","wkxx","Lotuss Mdlz Chipsmore oats MP @ RM5.99 TPR7% - 1224","Default","09/12/2024","22/12/2024","Price-Off","Display - Medium","Sent for confirmation"
"NVGMYP00000000453346","TTA24","WATSON_CADBURY_CDM_CHRISTMAS SALES_2024 TTA","Trade Spend Only","01/12/2024","31/12/2024","NA","","Sent for confirmation"
"NVGMYP00000000453352","TTA24","WATSON_CADBURY_CDM_DISPLAY","Trade Spend Only","01/01/2024","31/12/2024","NA","","Sent for confirmation"
"NVGMYP00000000453355","TTA24","WATSON_CADBURY_CDM_LISTING FEE","Trade Spend Only","01/01/2024","31/12/2024","NA","","Sent for confirmation"
"NVGMYP00000000453362","TTA24","WATSON_CADBURY_CDM_MAILER","Trade Spend Only","01/01/2024","31/12/2024","NA","","Sent for confirmation"
"NVGMYP00000000453366","TTA24","WATSON_CADBURY_CDM_PROCESSING FEE","Trade Spend Only","01/01/2024","31/12/2024","NA","","Sent for confirmation"
"NVGMYP00000000453367","2024","WATSON_MDLZ_BISNACK_AD HOC","Trade Spend Only","01/01/2024","31/12/2024","NA","","Sent for confirmation"
"NVGMYP00000000453450","99SMACTIVATION","99SM_CAD_CHOCOLATE PROMO ACTIVATION_H224","Trade Spend Only","01/07/2024","31/12/2024","NA","","Sent for confirmation"
"NVGMYP00000000453619","CDMQ4'24","2024_Q4_Flowback for CDM Bubbly 40G_CDM Small Bar_MT_7-11","Building Block","01/10/2024","31/12/2024","Others","","Sent for confirmation"
"NVGMYP00000000453620","CDMQ4'24","2024_Q4_Flowback for CDM Bubbly 87G_CDM Mid Bar_MT_7-11","Building Block","01/10/2024","31/12/2024","Others","","Sent for confirmation"
"NVGMYP00000000453621","CDMQ4'24","2024_Q4_Perfect Store_CDM Small Bar_MT_7-11","Building Block","01/10/2024","31/12/2024","Others","","Sent for confirmation"
"NVGMYP00000000453622","CDMQ4'24","2024_Q4_Store Opening_CDM Big Bar_MT_7-11","Building Block","01/10/2024","31/12/2024","Others","","Sent for confirmation"
"NVGMYP00000000453623","CDMQ4'24","2024_Q4_Store Opening_CDM Mid Bar_MT_7-11","Building Block","01/10/2024","31/12/2024","Others","","Sent for confirmation"
"NVGMYP00000000453624","CDMQ4'24","2024_Q4_Store Opening_CDM Mini Bar_MT_7-11","Building Block","01/10/2024","31/12/2024","Others","","Sent for confirmation"
"NVGMYP00000000453625","CDMQ4'24","2024_Q4_Store Opening_CDM Mini Bar_MT_7-11","Building Block","01/10/2024","31/12/2024","Others","","Sent for confirmation"
"NVGMYP00000000453626","CDMQ4'24","2024_Q4_Store Opening_CDM Small Bar_MT_7-11","Building Block","01/10/2024","31/12/2024","Others","","Sent for confirmation"
"NVGMYP00000000453651","CDMQ4'24","2024_Q4_Perfect Store_CDM Big Bar_MT_99 Speedmart","Building Block","01/10/2024","31/12/2024","Others","","Sent for confirmation"
"NVGMYP00000000453652","CDMQ4'24","2024_Q4_Perfect Store_CDM Mid Bar_MT_99 Speedmart","Building Block","01/10/2024","31/12/2024","Others","","Sent for confirmation"
"NVGMYP00000000453654","CDMQ4'24","2024_Q4_Perfect Store_CDM Sharebag_MT_99 Speedmart","Building Block","01/10/2024","31/12/2024","Others","","Sent for confirmation"
"NVGMYP00000000453655","ZIPQ4'24","2024_Q4_Perfect Store_Zip Sharebag_MT_99 Speedmart","Building Block","01/10/2024","31/12/2024","Others","","Sent for confirmation"
"NVGMYP00000000453656","CDMQ4'24","2024_Q4_Store Opening_CDM Big Bar_MT_99 Speedmart","Building Block","01/10/2024","31/12/2024","Others","","Sent for confirmation"
"NVGMYP00000000453657","CDMQ4'24","2024_Q4_Store Opening_CDM Mid Bar_MT_99 Speedmart","Building Block","01/10/2024","31/12/2024","Others","","Sent for confirmation"
"NVGMYP00000000453658","CDMQ4'24","2024_Q4_Store Opening_CDM Neaps Sharebag_MT_99 Speedmart","Building Block","01/10/2024","31/12/2024","Others","","Sent for confirmation"
"NVGMYP00000000453659","CDMQ4'24","2024_Q4_Store Opening_CDM Sharebag_MT_99 Speedmart","Building Block","01/10/2024","31/12/2024","Others","","Sent for confirmation"
"NVGMYP00000000453660","CDMQ4'24","2024_Q4_Store Opening_CDM Small Bar_MT_99 Speedmart","Building Block","01/10/2024","31/12/2024","Others","","Sent for confirmation"
"NVGMYP00000000453669","CDMQ4'24","2024_Q4_Flowback for CDM Bubbly 40G_CDM Small Bar_MT_Aeon","Building Block","01/10/2024","31/12/2024","Others","","Sent for confirmation"
"NVGMYP00000000453670","CDMQ4'24","2024_Q4_Flowback for CDM Bubbly 87G_CDM Mid Bar_MT_Aeon","Building Block","01/10/2024","31/12/2024","Others","","Sent for confirmation"
"NVGMYP00000000453671","CDMQ4'24","2024_Q4_Perfect Store_CDM Small Bar_MT_Aeon","Building Block","01/10/2024","31/12/2024","Others","","Sent for confirmation"
"NVGMYP00000000453672","HallsQ4'24","2024_Q4_Perfect Store_Halls XS_MT_Aeon","Building Block","01/10/2024","31/12/2024","Others","","Sent for confirmation"
"NVGMYP00000000453677","CDMQ4'24","2024_Q4_Flowback for CDM Bubbly 40G_CDM Small Bar_MT_Aeon Big","Building Block","01/10/2024","31/12/2024","Others","","Sent for confirmation"
"NVGMYP00000000453679","CDMQ4'24","2024_Q4_Flowback for CDM Bubbly 87G_CDM Mid Bar_MT_Aeon Big","Building Block","01/10/2024","31/12/2024","Others","","Sent for confirmation"
"NVGMYP00000000453684","CDMQ4'24","2024_Q4_Perfect Store_CDM Small Bar_MT_Giant","Building Block","01/10/2024","31/12/2024","Others","","Sent for confirmation"
"NVGMYP00000000453685","HallsQ4'24","2024_Q4_Perfect Store_Halls XS_MT_Giant","Building Block","01/10/2024","31/12/2024","Others","","Sent for confirmation"
"NVGMYP00000000453697","CDMQ4'24","2024_Q4_Flowback for CDM Bubbly 40G_CDM Small Bar_MT_LOTUSS","Building Block","01/10/2024","31/12/2024","Others","","Sent for confirmation"
"NVGMYP00000000453698","CDMQ4'24","2024_Q4_Flowback for CDM Bubbly 87G_CDM Mid Bar_MT_LOTUSS","Building Block","01/10/2024","31/12/2024","Others","","Sent for confirmation"
"NVGMYP00000000453706","CDMQ4'24","2024_Q4_Flowback for CDM Bubbly 40G_CDM Small Bar_MT_Mydin ","Building Block","01/10/2024","31/12/2024","Others","","Sent for confirmation"
"NVGMYP00000000453707","CDMQ4'24","2024_Q4_Flowback for CDM Bubbly 87G_CDM Mid Bar_MT_Mydin","Building Block","01/10/2024","31/12/2024","Others","","Sent for confirmation"
"NVGMYP00000000453715","CDMQ4'24","2024_Q4_Flowback for CDM Bubbly 40G_CDM Small Bar_MT_Purveyor","Building Block","01/10/2024","31/12/2024","Others","","Sent for confirmation"
"NVGMYP00000000453716","CDMQ1'24","2024_Q4_Flowback for CDM Bubbly 87G_CDM Mid Bar_MT_Purveyor","Building Block","01/10/2024","31/12/2024","Others","","Sent for confirmation"
"NVGMYP00000000453748","CDMQ4'24","2024_Q4_Flowback for CDM Bubbly 40G_CDM Small Bar_MT_Trendcell","Building Block","01/10/2024","31/12/2024","Others","","Sent for confirmation"
"NVGMYP00000000453749","CDMQ4'24","2024_Q4_Flowback for CDM Bubbly 87G_CDM Mid Bar_MT_Trendcell","Building Block","01/10/2024","31/12/2024","Others","","Sent for confirmation"
"NVGMYP00000000453750","OTHQ4'24","2024_Q4_Perfect Store_CDM AU_MT_Trendcell","Building Block","01/10/2024","31/12/2024","Others","","Sent for confirmation"
"NVGMYP00000000453782","CDMQ4'24","2024_Q4_Perfect Store_CDM Mid Bar_MT_LOTUSS","Trade Spend Only","01/10/2024","31/12/2024","Price-Off","","Sent for confirmation"
"NVGMYP00000000454213","CMOREQ4'24","2024_Q4_Coverage_Chipsmore Mid Pack_MT_7-11","Building Block","01/10/2024","31/12/2024","Others","","Sent for confirmation"
"NVGMYP00000000454214","CMOREQ4'24","2024_Q4_Coverage_Chipsmore Mini_MT_7-11","Building Block","01/10/2024","31/12/2024","Others","","Sent for confirmation"
"NVGMYP00000000454215","OREOQ4'24","2024_Q4_Coverage_Oreo HS_MT_7-11","Building Block","01/10/2024","31/12/2024","Others","","Sent for confirmation"
"NVGMYP00000000454216","TIGERQ4'24","2024_Q4_Coverage_Tiger Small Pack_MT_7-11","Building Block","01/10/2024","31/12/2024","Others","","Sent for confirmation"
"NVGMYP00000000454217","CMOREQ4'24","2024_Q4_MMM_Chipsmore Mini MP_MT_7-11","Building Block","01/10/2024","31/12/2024","Others","","Sent for confirmation"
"NVGMYP00000000454218","OREOQ4'24","2024_Q4_MMM_Oreo FS_MT_7-11","Building Block","01/10/2024","31/12/2024","Others","","Sent for confirmation"
"NVGMYP00000000454219","OREOQ4'24","2024_Q4_Coverage_Oreo FS_MT_7-11","Building Block","01/10/2024","31/12/2024","Others","","Sent for confirmation"
"NVGMYP00000000454220","CMOREQ4'24","2024_Q4_MMM_Chipsmore Mid Pack_MT_7-11","Building Block","01/10/2024","31/12/2024","Others","","Sent for confirmation"
"NVGMYP00000000454221","OREOQ4'24","2024_Q4_MMM_Oreo MP_MT_7-11","Building Block","01/10/2024","31/12/2024","Others","","Sent for confirmation"
"NVGMYP00000000454222","CMOREQ4'24","2024_Q4_MMM_Chipsmore Mini_MT_7-11","Building Block","01/10/2024","31/12/2024","Others","","Sent for confirmation"
"NVGMYP00000000454226","JACOBQ4'24","2024_Q4_Perfect Store_Jacobs Baked Crisps Small Pack_MT_7-11","Building Block","01/10/2024","31/12/2024","Others","","Sent for confirmation"
"NVGMYP00000000454227","CMOREQ4'24","2024_Q4_Renovation_Chipsmore Mid Pack_MT_7-11","Building Block","01/10/2024","31/12/2024","Others","","Sent for confirmation"
"NVGMYP00000000454228","CMOREQ4'24","2024_Q4_Renovation_Chipsmore Mini MP_MT_7-11","Building Block","01/10/2024","31/12/2024","Others","","Sent for confirmation"
"NVGMYP00000000454229","CMOREQ4'24","2024_Q4_Renovation_Chipsmore Mini_MT_7-11","Building Block","01/10/2024","31/12/2024","Others","","Sent for confirmation"
"NVGMYP00000000454230","TIGERQ4'24","2024_Q4_Renovation_Tiger Basic_MT_7-11","Building Block","01/10/2024","31/12/2024","Others","","Sent for confirmation"
"NVGMYP00000000454231","TIGERQ4'24","2024_Q4_Renovation_Tiger Mid Pack_MT_7-11","Building Block","01/10/2024","31/12/2024","Others","","Sent for confirmation"
"NVGMYP00000000454234","TIGERQ4'24","2024_Q4_Renovation_Tiger MP_MT_7-11","Building Block","01/10/2024","31/12/2024","Others","","Sent for confirmation"
"NVGMYP00000000454235","TIGERQ4'24","2024_Q4_Renovation_Tiger Small Pack_MT_7-11","Building Block","01/10/2024","31/12/2024","Others","","Sent for confirmation"
"NVGMYP00000000464536","TFPMAILER","FY2024_TFP_MDLZ_TTA_MAILER FEE_2024","Trade Spend Only","01/01/2024","31/12/2024","NA","","Sent for confirmation"
"NVGMYP00000000464537","TFPNSO","FY2024_TFP_MDLZ_TTA_NEW STORE OPENING_2024","Trade Spend Only","01/01/2024","31/12/2024","NA","","Sent for confirmation"
"NVGMYP00000000464538","2024","FY2024_TFP_CAD_TTA_DISPLAY FEE_2024","Trade Spend Only","01/01/2024","31/12/2024","NA","","Sent for confirmation"
"NVGMYP00000000464540","TFPNSO","FY2024_TFP_MDLZ_TTA_DISPLAY FEE_2024 ","Trade Spend Only","01/01/2024","31/12/2024","NA","","Sent for confirmation"
"NVGMYP00000000464541","TFPNSO","FY2024_TFP_MDLZ_TTA_MAILER FEE_2024 ","Trade Spend Only","01/01/2024","31/12/2024","NA","","Sent for confirmation"
"NVGMYP00000000464542","TFPNSO","FY2024_TFP_MDLZ_TTA_NEW STORE OPENING_2024 ","Trade Spend Only","01/01/2024","31/12/2024","NA","","Sent for confirmation"
"NVGMYP00000000464544","TRENCDISP","FY2024_TRENCELL_CAD_TTA_DISPLAY FEE_2024","Trade Spend Only","01/01/2024","31/12/2024","NA","","Sent for confirmation"
"NVGMYP00000000464545","TRENCNSO","FY2024_TRENCELL_CAD_TTA_NEW STORE OPENING_2024","Trade Spend Only","01/01/2024","31/12/2024","NA","","Sent for confirmation"
"NVGMYP00000000464547","TRENCDISP","FY2024_TRENCELL_MDLZ_TTA_DISPLAY FEE_2024","Trade Spend Only","01/01/2024","31/12/2024","NA","","Sent for confirmation"
"NVGMYP00000000464550","TRENCNSO","FY2024_TRENCELL_MDLZ_TTA_NEW STORE OPENING_2024","Trade Spend Only","01/01/2024","31/12/2024","NA","","Sent for confirmation"
"NVGMYP00000000465451","SNA 10","OCT24_AEON_MONDELEZ_TWISTIES CHEEZELS 60G_BUY 2 @ RM3.50_12%","Default","01/10/2024","20/12/2024","NA","Homeshelf","Sent for confirmation"
"NVGMYP00000000454312","CMOREQ4'24","2024_Q4_Coverage_Chipsmore Mini MP_MT_99 Speedmart","Building Block","01/10/2024","31/12/2024","Others","","Sent for confirmation"
"NVGMYP00000000454313","JACOBQ4'24","2024_Q4_Coverage_Jacobs Value Pack_MT_99 Speedmart","Building Block","01/10/2024","31/12/2024","Others","","Sent for confirmation"
"NVGMYP00000000454314","OREOQ4'24","2024_Q4_Coverage_Oreo FS_MT_99 Speedmart","Building Block","01/10/2024","31/12/2024","Others","","Sent for confirmation"
"NVGMYP00000000454315","OREOQ4'24","2024_Q4_Coverage_Oreo MP_MT_99 Speedmart","Building Block","01/10/2024","31/12/2024","Others","","Sent for confirmation"
"NVGMYP00000000454316","TIGERQ4'24","2024_Q4_Coverage_Tiger Mid Pack_MT_99 Speedmart","Building Block","01/10/2024","31/12/2024","Others","","Sent for confirmation"
"NVGMYP00000000454317","CMOREQ4'24","2024_Q4_MMM_Chipsmore Mid Pack_MT_99 Speedmart","Building Block","01/10/2024","31/12/2024","Others","","Sent for confirmation"
"NVGMYP00000000454318","CMOREQ4'24","2024_Q4_MMM_Chipsmore Mini MP_MT_99 Speedmart","Building Block","01/10/2024","31/12/2024","Others","","Sent for confirmation"
"NVGMYP00000000454320","CMOREQ4'24","2024_Q4_MMM_Chipsmore Mini_MT_99 Speedmart","Building Block","01/10/2024","31/12/2024","Others","","Sent for confirmation"
"NVGMYP00000000454321","OREOQ4'24","2024_Q4_MMM_Oreo FS_MT_99 Speedmart","Building Block","01/10/2024","31/12/2024","Others","","Sent for confirmation"
"NVGMYP00000000454322","OREOQ4'24","2024_Q4_MMM_Oreo MP_MT_99 Speedmart","Building Block","01/10/2024","31/12/2024","Others","","Sent for confirmation"
"NVGMYP00000000454326","OREOQ4'24","2024_Q4_Perfect Store_Oreo FS_MT_99 Speedmart","Building Block","01/10/2024","31/12/2024","Others","","Sent for confirmation"
"NVGMYP00000000454327","CMOREQ4'24","2024_Q4_Renovation_Chipsmore Mid Pack_MT_99 Speedmart","Building Block","01/10/2024","31/12/2024","Others","","Sent for confirmation"
"NVGMYP00000000454328","CMOREQ4'24","2024_Q4_Renovation_Chipsmore Mini MP_MT_99 Speedmart","Building Block","01/10/2024","31/12/2024","Others","","Sent for confirmation"
"NVGMYP00000000454329","CMOREQ4'24","2024_Q4_Renovation_Chipsmore Mini_MT_99 Speedmart","Building Block","01/10/2024","31/12/2024","Others","","Sent for confirmation"
"NVGMYP00000000454330","TIGERQ4'24","2024_Q4_Renovation_Tiger Basic_MT_99 Speedmart","Building Block","01/10/2024","31/12/2024","Others","","Sent for confirmation"
"NVGMYP00000000454331","TIGERQ4'24","2024_Q4_Renovation_Tiger Mid Pack_MT_99 Speedmart","Building Block","01/10/2024","31/12/2024","Others","","Sent for confirmation"
"NVGMYP00000000454332","TIGERQ4'24","2024_Q4_Renovation_Tiger MP_MT_99 Speedmart","Building Block","01/10/2024","31/12/2024","Others","","Sent for confirmation"
"NVGMYP00000000454397","CMOREQ4'24","2024_Q4_MMM_Chipsmore Mid Pack_MT_Aeon","Building Block","01/10/2024","31/12/2024","Others","","Sent for confirmation"
"NVGMYP00000000454398","CMOREQ4'24","2024_Q4_MMM_Chipsmore Mini MP_MT_Aeon","Building Block","01/10/2024","31/12/2024","Others","","Sent for confirmation"
"NVGMYP00000000454399","CMOREQ4'24","2024_Q4_MMM_Chipsmore Mini_MT_Aeon","Building Block","01/10/2024","31/12/2024","Others","","Sent for confirmation"
"NVGMYP00000000454400","CMOREQ4'24","2024_Q4_MMM_Chipsmore MP_MT_Aeon","Building Block","01/10/2024","31/12/2024","Others","","Sent for confirmation"
"NVGMYP00000000454401","OREOQ4'24","2024_Q4_MMM_Oreo FS_MT_Aeon","Building Block","01/10/2024","31/12/2024","Others","","Sent for confirmation"
"NVGMYP00000000454402","OREOQ4'24","2024_Q4_MMM_Oreo MP_MT_Aeon","Building Block","01/10/2024","31/12/2024","Others","","Sent for confirmation"
"NVGMYP00000000454404","CMOREQ4'24","2024_Q4_Renovation_Chipsmore Mid Pack_MT_Aeon","Building Block","01/10/2024","31/12/2024","Others","","Sent for confirmation"
"NVGMYP00000000454405","CMOREQ4'24","2024_Q4_Renovation_Chipsmore Mini MP_MT_Aeon","Building Block","01/10/2024","31/12/2024","Others","","Sent for confirmation"
"NVGMYP00000000454406","CMOREQ4'24","2024_Q4_Renovation_Chipsmore Mini_MT_Aeon","Building Block","01/10/2024","31/12/2024","Others","","Sent for confirmation"
"NVGMYP00000000454407","CMOREQ4'24","2024_Q4_Renovation_Chipsmore MP_MT_Aeon","Building Block","01/10/2024","31/12/2024","Others","","Sent for confirmation"
"NVGMYP00000000454408","TIGERQ4'24","2024_Q4_Renovation_Tiger Basic_MT_Aeon","Building Block","01/10/2024","31/12/2024","Others","","Sent for confirmation"
"NVGMYP00000000454409","TIGERQ4'24","2024_Q4_Renovation_Tiger Mid Pack_MT_Aeon","Building Block","01/10/2024","31/12/2024","Others","","Sent for confirmation"
"NVGMYP00000000454410","TIGERQ4'24","2024_Q4_Renovation_Tiger MP_MT_Aeon","Building Block","01/10/2024","31/12/2024","Others","","Sent for confirmation"
"NVGMYP00000000454411","TIGERQ4'24","2024_Q4_Renovation_Tiger Small Pack_MT_Aeon","Building Block","01/10/2024","31/12/2024","Others","","Sent for confirmation"
"NVGMYP00000000454528","CMOREQ4'24","2024_Q4_MMM_Chipsmore Mid Pack_MT_Aeon Big","Building Block","01/10/2024","31/12/2024","Others","","Sent for confirmation"
"NVGMYP00000000454529","CMOREQ4'24","2024_Q4_MMM_Chipsmore Mini MP_MT_Aeon Big","Building Block","01/10/2024","31/12/2024","Others","","Sent for confirmation"
"NVGMYP00000000454531","CMOREQ4'24","2024_Q4_MMM_Chipsmore Mini_MT_Aeon Big","Building Block","01/10/2024","31/12/2024","Others","","Sent for confirmation"
"NVGMYP00000000454532","CMOREQ4'24","2024_Q4_MMM_Chipsmore MP_MT_Aeon Big","Building Block","01/10/2024","31/12/2024","Others","","Sent for confirmation"
"NVGMYP00000000454533","OREOQ4'24","2024_Q4_MMM_Oreo FS_MT_Aeon Big","Building Block","01/10/2024","31/12/2024","Others","","Sent for confirmation"
"NVGMYP00000000454534","OREOQ4'24","2024_Q4_MMM_Oreo MP_MT_Aeon Big","Building Block","01/07/2024","31/12/2024","Others","","Sent for confirmation"
"NVGMYP00000000454535","CMOREQ4'24","2024_Q4_Renovation_Chipsmore Mid Pack_MT_Aeon Big","Building Block","01/10/2024","31/12/2024","Others","","Sent for confirmation"
"NVGMYP00000000454536","CMOREQ4'24","2024_Q4_Renovation_Chipsmore Mini MP_MT_Aeon Big","Building Block","01/10/2024","31/12/2024","Others","","Sent for confirmation"
"NVGMYP00000000454537","CMOREQ4'24","2024_Q4_Renovation_Chipsmore Mini_MT_Aeon Big","Building Block","01/10/2024","31/12/2024","Others","","Sent for confirmation"
"NVGMYP00000000454538","CMOREQ4'24","2024_Q4_Renovation_Chipsmore MP_MT_Aeon Big","Building Block","01/10/2024","31/12/2024","Others","","Sent for confirmation"
"NVGMYP00000000454539","TIGERQ4'24","2024_Q4_Renovation_Tiger Basic_MT_Aeon Big","Building Block","01/10/2024","31/12/2024","Others","","Sent for confirmation"
"NVGMYP00000000454540","TIGERQ4'24","2024_Q4_Renovation_Tiger Mid Pack_MT_Aeon Big","Building Block","01/10/2024","31/12/2024","Others","","Sent for confirmation"
"NVGMYP00000000454541","TIGERQ4'24","2024_Q4_Renovation_Tiger MP_MT_Aeon Big","Building Block","01/10/2024","31/12/2024","Others","","Sent for confirmation"
"NVGMYP00000000454542","TIGERQ4'24","2024_Q4_Renovation_Tiger Small Pack_MT_Aeon Big","Building Block","01/10/2024","31/12/2024","Others","","Sent for confirmation"
"NVGMYP00000000454548","TIGERQ4'24","2024_Q4_Renovation_Tiger Small Pack_MT_Caring","Building Block","01/10/2024","31/12/2024","Others","","Sent for confirmation"
"NVGMYP00000000454576","CMOREQ4'24","2024_Q4_MMM_Chipsmore Mini MP_MT_Watson","Building Block","01/10/2024","31/12/2024","Others","","Sent for confirmation"
"NVGMYP00000000454577","CMOREQ4'24","2024_Q4_MMM_Chipsmore Mini_MT_Watson","Building Block","01/10/2024","31/12/2024","Others","","Sent for confirmation"
"NVGMYP00000000454578","OREOQ4'24","2024_Q4_MMM_Oreo FS_MT_Watson","Building Block","01/10/2024","31/12/2024","Others","","Sent for confirmation"
"NVGMYP00000000454579","OREOQ4'24","2024_Q4_MMM_Oreo MP_MT_Watson","Building Block","01/10/2024","31/12/2024","Others","","Sent for confirmation"
"NVGMYP00000000454580","CMOREQ4'24","2024_Q4_Renovation_Chipsmore Mini MP_MT_Watson","Building Block","01/10/2024","31/12/2024","Others","","Sent for confirmation"
"NVGMYP00000000454581","CMOREQ4'24","2024_Q4_Renovation_Chipsmore Mini_MT_Watson","Building Block","01/10/2024","31/12/2024","Others","","Sent for confirmation"
"NVGMYP00000000454582","TIGERQ4'24","2024_Q4_Renovation_Tiger MP_MT_Watson","Building Block","01/10/2024","31/12/2024","Others","","Sent for confirmation"
"NVGMYP00000000454583","TIGERQ4'24","2024_Q4_Renovation_Tiger Small Pack_MT_Watson","Building Block","01/10/2024","31/12/2024","Others","","Sent for confirmation"
"NVGMYP00000000454716","99SMCHOC5TIER","99SM_ CHOCOLATEADDITIONALTIERRENTAL_ FY2024","Trade Spend Only","01/01/2024","31/12/2024","Price-Off","","Sent for confirmation"
"NVGMYP00000000454851","CMOREQ4'24","2024_Q4_MMM_Chipsmore Mid Pack_MT_Giant","Building Block","01/10/2024","31/12/2024","Others","","Sent for confirmation"
"NVGMYP00000000454852","CMOREQ4'24","2024_Q4_MMM_Chipsmore Mini MP_MT_Giant","Building Block","01/10/2024","31/12/2024","Others","","Sent for confirmation"
"NVGMYP00000000454853","CMOREQ4'24","2024_Q4_MMM_Chipsmore Mini MVP_MT_Giant","Building Block","01/10/2024","31/12/2024","Others","","Sent for confirmation"
"NVGMYP00000000454854","CMOREQ4'24","2024_Q4_MMM_Chipsmore Mini_MT_Giant","Building Block","01/10/2024","31/12/2024","Others","","Sent for confirmation"
"NVGMYP00000000454855","CMOREQ4'24","2024_Q4_MMM_Chipsmore MP_MT_Giant","Building Block","01/10/2024","31/12/2024","Others","","Sent for confirmation"
"NVGMYP00000000454856","OREOQ4'24","2024_Q4_MMM_Oreo FS_MT_Giant","Building Block","01/10/2024","31/12/2024","Others","","Sent for confirmation"
"NVGMYP00000000454857","OREOQ4'24","2024_Q4_MMM_Oreo MP_MT_Giant","Building Block","01/10/2024","31/12/2024","Others","","Sent for confirmation"
"NVGMYP00000000454858","CMOREQ4'24","2024_Q4_Renovation_Chipsmore Mid Pack_MT_Giant","Building Block","01/10/2024","31/12/2024","Others","","Sent for confirmation"
"NVGMYP00000000454859","CMOREQ4'24","2024_Q4_Renovation_Chipsmore Mini MP_MT_Giant","Building Block","01/10/2024","31/12/2024","Others","","Sent for confirmation"
"NVGMYP00000000454860","CMOREQ4'24","2024_Q4_Renovation_Chipsmore Mini MVP_MT_Giant","Building Block","01/10/2024","31/12/2024","Others","","Sent for confirmation"
"NVGMYP00000000454861","CMOREQ4'24","2024_Q4_Renovation_Chipsmore Mini_MT_Giant","Building Block","01/10/2024","31/12/2024","Others","","Sent for confirmation"
"NVGMYP00000000454862","CMOREQ4'24","2024_Q4_Renovation_Chipsmore MP_MT_Giant","Building Block","01/10/2024","31/12/2024","Others","","Sent for confirmation"
"NVGMYP00000000454864","TIGERQ4'24","2024_Q4_Renovation_Tiger Basic_MT_Giant","Building Block","01/10/2024","31/12/2024","Others","","Sent for confirmation"
"NVGMYP00000000454865","TIGERQ4'24","2024_Q4_Renovation_Tiger Mid Pack_MT_Giant","Building Block","01/10/2024","31/12/2024","Others","","Sent for confirmation"
"NVGMYP00000000454866","TIGERQ4'24","2024_Q4_Renovation_Tiger MP_MT_Giant","Building Block","01/10/2024","31/12/2024","Others","","Sent for confirmation"
"NVGMYP00000000454867","TIGERQ4'24","2024_Q4_Renovation_Tiger Small Pack_MT_Giant","Building Block","01/10/2024","31/12/2024","Others","","Sent for confirmation"
"NVGMYP00000000454986","CMOREQ4'24","2024_Q4_MMM_Chipsmore Mid Pack_MT_LOTUSS","Building Block","01/10/2024","31/12/2024","Others","","Sent for confirmation"
"NVGMYP00000000454987","CMOREQ4'24","2024_Q4_MMM_Chipsmore Mini MP_MT_LOTUSS","Building Block","01/10/2024","31/12/2024","Others","","Sent for confirmation"
"NVGMYP00000000454988","CMOREQ4'24","2024_Q4_MMM_Chipsmore MP_MT_LOTUSS","Building Block","01/10/2024","31/12/2024","Others","","Sent for confirmation"
"NVGMYP00000000454989","OREOQ4'24","2024_Q4_MMM_Oreo FS_MT_LOTUSS","Building Block","01/10/2024","31/12/2024","Others","","Sent for confirmation"
"NVGMYP00000000454991","OREOQ4'24","2024_Q4_MMM_Oreo MP_MT_LOTUSS","Building Block","01/10/2024","31/12/2024","Others","","Sent for confirmation"
"NVGMYP00000000454995","CMOREQ4'24","2024_Q4_Renovation_Chipsmore Mid Pack_MT_LOTUSS","Building Block","01/10/2024","31/12/2024","Others","","Sent for confirmation"
"NVGMYP00000000454996","CMOREQ4'24","2024_Q4_Renovation_Chipsmore Mini MP_MT_LOTUSS","Building Block","01/10/2024","31/12/2024","Others","","Sent for confirmation"
"NVGMYP00000000454997","CMOREQ4'24","2024_Q4_Renovation_Chipsmore MP_MT_LOTUSS","Building Block","01/10/2024","31/12/2024","Others","","Sent for confirmation"
"NVGMYP00000000454998","TIGERQ4'24","2024_Q4_Renovation_Tiger Mid Pack_MT_LOTUSS","Building Block","01/10/2024","31/12/2024","Others","","Sent for confirmation"
"NVGMYP00000000454999","TIGERQ4'24","2024_Q4_Renovation_Tiger MP_MT_LOTUSS","Building Block","01/10/2024","31/12/2024","Others","","Sent for confirmation"
"NVGMYP00000000455112","CMOREQ4'24","2024_Q4_MMM_Chipsmore Mini MP_MT_Mydin","Building Block","01/10/2024","31/12/2024","Others","","Sent for confirmation"
"NVGMYP00000000455122","CMOREQ4'24","2024_Q4_MMM_Chipsmore Mid Pack_MT_Mydin","Building Block","01/10/2024","31/12/2024","Others","","Sent for confirmation"
"NVGMYP00000000455123","CMOREQ4'24","2024_Q4_MMM_Chipsmore Mini MVP_MT_Mydin","Building Block","01/10/2024","31/12/2024","Others","","Sent for confirmation"
"NVGMYP00000000455124","CMOREQ4'24","2024_Q4_MMM_Chipsmore Mini_MT_Mydin","Building Block","01/10/2024","31/12/2024","Others","","Sent for confirmation"
"NVGMYP00000000455125","CMOREQ4'24","2024_Q4_MMM_Chipsmore MP_MT_Mydin","Building Block","01/10/2024","31/12/2024","Others","","Sent for confirmation"
"NVGMYP00000000455126","OREOQ4'24","2024_Q4_MMM_Oreo FS_MT_Mydin","Building Block","01/10/2024","31/12/2024","Others","","Sent for confirmation"
"NVGMYP00000000455127","OREOQ4'24","2024_Q4_MMM_Oreo MP_MT_Mydin","Building Block","01/10/2024","31/12/2024","Others","","Sent for confirmation"
"NVGMYP00000000455128","CMOREQ4'24","2024_Q4_Renovation_Chipsmore Mid Pack_MT_Mydin","Building Block","01/10/2024","31/12/2024","Others","","Sent for confirmation"
"NVGMYP00000000455129","CMOREQ4'24","2024_Q4_Renovation_Chipsmore Mini MVP_MT_Mydin","Building Block","01/10/2024","31/12/2024","Others","","Sent for confirmation"
"NVGMYP00000000455130","CMOREQ4'24","2024_Q4_Renovation_Chipsmore Mini_MT_Mydin","Building Block","01/10/2024","31/12/2024","Others","","Sent for confirmation"
"NVGMYP00000000455131","CMOREQ4'24","2024_Q4_Renovation_Chipsmore MP_MT_Mydin","Building Block","01/10/2024","31/12/2024","Others","","Sent for confirmation"
"NVGMYP00000000455132","TIGERQ4'24","2024_Q4_Renovation_Tiger Basic_MT_Mydin","Building Block","01/10/2024","31/12/2024","Others","","Sent for confirmation"
"NVGMYP00000000455133","TIGERQ4'24","2024_Q4_Renovation_Tiger Mid Pack_MT_Mydin","Building Block","01/10/2024","31/12/2024","Others","","Sent for confirmation"
"NVGMYP00000000455134","TIGERQ4'24","2024_Q4_Renovation_Tiger MP_MT_Mydin","Building Block","01/10/2024","31/12/2024","Others","","Sent for confirmation"
"NVGMYP00000000455135","TIGERQ4'24","2024_Q4_Renovation_Tiger Small Pack_MT_Mydin","Building Block","01/10/2024","31/12/2024","Others","","Sent for confirmation"
"NVGMYP00000000455144","CMOREQ4'24","2024_Q4_Renovation_Chipsmore Mini MP_MT_Mydin","Building Block","01/10/2024","31/12/2024","Others","","Sent for confirmation"
"NVGMYP00000000455434","ANNI 2024","2024_CAD_AEON_ANNIVERSARY","Trade Spend Only","01/01/2024","31/12/2024","NA","","Sent for confirmation"
"NVGMYP00000000455446","ANNI 2024","2024_MDLZ_AEON_ANNIVERSARY","Trade Spend Only","01/01/2024","31/12/2024","NA","","Sent for confirmation"
"NVGMYP00000000455453","HZ 2024","2024_CAD_HZ_COUNTERTOP_MS","Trade Spend Only","01/01/2024","31/12/2024","NA","","Sent for confirmation"
"NVGMYP00000000455466","2024","MYDIN_MDLZ_ ANNIVERSARY/ BRAND FAIR SUPPORT","Trade Spend Only","01/09/2024","31/12/2024","Price-Off","","Sent for confirmation"
"NVGMYP00000000455510","CMOREQ4'24","2024_Q4_MMM_Chipsmore Mid Pack_MT_Purveyor","Building Block","01/10/2024","31/12/2024","Others","","Sent for confirmation"
"NVGMYP00000000455511","CMOREQ4'24","2024_Q4_MMM_Chipsmore Mini MP_MT_Purveyor","Building Block","01/10/2024","31/12/2024","Others","","Sent for confirmation"
"NVGMYP00000000455512","CMOREQ4'24","2024_Q4_MMM_Chipsmore Mini MVP_MT_Purveyor","Building Block","01/10/2024","31/12/2024","Others","","Sent for confirmation"
"NVGMYP00000000455513","CMOREQ4'24","2024_Q4_MMM_Chipsmore Mini_MT_Purveyor","Building Block","01/10/2024","31/12/2024","Others","","Sent for confirmation"
"NVGMYP00000000455514","OREOQ4'24","2024_Q4_MMM_Oreo FS_MT_Purveyor","Building Block","01/10/2024","31/12/2024","Others","","Sent for confirmation"
"NVGMYP00000000455515","OREOQ4'24","2024_Q4_MMM_Oreo MP_MT_Purveyor","Building Block","01/10/2024","31/12/2024","Others","","Sent for confirmation"
"NVGMYP00000000455516","CMOREQ4'24","2024_Q4_Renovation_Chipsmore Mid Pack_MT_Purveyor","Building Block","01/10/2024","31/12/2024","Others","","Sent for confirmation"
"NVGMYP00000000455517","CMOREQ4'24","2024_Q4_Renovation_Chipsmore Mini MP_MT_Purveyor","Building Block","01/10/2024","31/12/2024","Others","","Sent for confirmation"
"NVGMYP00000000455518","CMOREQ4'24","2024_Q4_Renovation_Chipsmore Mini MVP_MT_Purveyor","Building Block","01/10/2024","31/12/2024","Others","","Sent for confirmation"
"NVGMYP00000000455519","CMOREQ4'24","2024_Q4_Renovation_Chipsmore Mini_MT_Purveyor","Building Block","01/10/2024","31/12/2024","Others","","Sent for confirmation"
"NVGMYP00000000455520","TIGERQ4'24","2024_Q4_Renovation_Tiger Basic_MT_Purveyor","Building Block","01/10/2024","31/12/2024","Others","","Sent for confirmation"
"NVGMYP00000000455521","TIGERQ4'24","2024_Q4_Renovation_Tiger Mid Pack_MT_Purveyor","Building Block","01/10/2024","31/12/2024","Others","","Sent for confirmation"
"NVGMYP00000000455522","TIGERQ4'24","2024_Q4_Renovation_Tiger MP_MT_Purveyor","Building Block","01/10/2024","31/12/2024","Others","","Sent for confirmation"
"NVGMYP00000000455523","TIGERQ4'24","2024_Q4_Renovation_Tiger Small Pack_MT_Purveyor","Building Block","01/10/2024","31/12/2024","Others","","Sent for confirmation"
"NVGMYP00000000455559","CMOREQ4'24","2024_Q4_MMM_Chipsmore Mid Pack_MT_Trendcell","Building Block","01/10/2024","31/12/2024","Others","","Sent for confirmation"
"NVGMYP00000000455560","CMOREQ4'24","2024_Q4_MMM_Chipsmore Mini MP_MT_Trendcell","Building Block","01/10/2024","31/12/2024","Others","","Sent for confirmation"
"NVGMYP00000000455561","CMOREQ4'24","2024_Q4_MMM_Chipsmore Mini MVP_MT_Trendcell","Building Block","01/10/2024","31/12/2024","Others","","Sent for confirmation"
"NVGMYP00000000455562","CMOREQ4'24","2024_Q4_MMM_Chipsmore Mini_MT_Trendcell","Building Block","01/10/2024","31/12/2024","Others","","Sent for confirmation"
"NVGMYP00000000455563","OREOQ4'24","2024_Q4_MMM_Oreo FS_MT_Trendcell","Building Block","01/10/2024","31/12/2024","Others","","Sent for confirmation"
"NVGMYP00000000455564","OREOQ4'24","2024_Q4_MMM_Oreo MP_MT_Trendcell","Building Block","01/10/2024","31/12/2024","Others","","Sent for confirmation"
"NVGMYP00000000455565","CMOREQ4'24","2024_Q4_Renovation_Chipsmore Mid Pack_MT_Trendcell","Building Block","01/10/2024","31/12/2024","Others","","Sent for confirmation"
"NVGMYP00000000455566","CMOREQ4'24","2024_Q4_Renovation_Chipsmore Mini MP_MT_Trendcell","Building Block","01/10/2024","31/12/2024","Others","","Sent for confirmation"
"NVGMYP00000000455567","CMOREQ4'24","2024_Q4_Renovation_Chipsmore Mini MVP_MT_Trendcell","Building Block","01/10/2024","31/12/2024","Others","","Sent for confirmation"
"NVGMYP00000000455568","CMOREQ4'24","2024_Q4_Renovation_Chipsmore Mini_MT_Trendcell","Building Block","01/10/2024","31/12/2024","Others","","Sent for confirmation"
"NVGMYP00000000455569","TIGERQ4'24","2024_Q4_Renovation_Tiger Basic_MT_Trendcell","Building Block","01/10/2024","31/12/2024","Others","","Sent for confirmation"
"NVGMYP00000000455570","TIGERQ4'24","2024_Q4_Renovation_Tiger Mid Pack_MT_Trendcell","Building Block","01/10/2024","31/12/2024","Others","","Sent for confirmation"
"NVGMYP00000000455571","TIGERQ4'24","2024_Q4_Renovation_Tiger MP_MT_Trendcell","Building Block","01/10/2024","31/12/2024","Others","","Sent for confirmation"
"NVGMYP00000000455572","TIGERQ4'24","2024_Q4_Renovation_Tiger Small Pack_MT_Trendcell","Building Block","01/10/2024","31/12/2024","Others","","Sent for confirmation"
"NVGMYP00000000455732","99SM1224","99SM_CAD_LICKABLE_TPR10%@RM4.99_1224","Default","26/11/2024","26/12/2024","Price-Off","Homeshelf","Sent for confirmation"
"NVGMYP00000000468999","CATCHAMOMENT","1224_BSN_MDLZ_CAD COOKIE_B1 @RM3.80_9.77%_CATCHAMOMENT","Default","01/12/2024","16/12/2024","Price-Off","Homeshelf","Sent for confirmation"
"NVGMYP00000000469000","NSO","24_BSN_MDLZ_TTA_NEW STORE","Trade Spend Only","01/02/2024","31/12/2024","NA","Homeshelf","Sent for confirmation"
"NVGMYP00000000469001","1ST TIER","24_BSN_MDLZ_TTA_VR_1st TIER DISPLAY","Trade Spend Only","01/02/2024","31/12/2024","Display Only","Homeshelf","Sent for confirmation"
"NVGMYP00000000469002","1ST TIER","24_BSN_CAD_TTA_VR_1ST TIER DISPLAY","Trade Spend Only","01/02/2024","31/12/2024","Display Only","Homeshelf","Sent for confirmation"
"NVGMYP00000000469009","NSO","24_BSN_CAD_TTA_VR_NEWSTORE","Trade Spend Only","01/02/2024","31/12/2024","Price-Off","Homeshelf","Sent for confirmation"
"NVGMYP00000000469013","PW DISPLAY","24_BSN_CAD_TTA_VR_PW DISPLAY","Trade Spend Only","01/02/2024","31/12/2024","Price-Off","Homeshelf","Sent for confirmation"
"NVGMYP00000000469205","GE","1224_BSN_CAD_CDM OREO BUBBLY_B1 @RM 5_10%_GE","Default","01/12/2024","31/12/2024","Price-Off","Display - Big","Sent for confirmation"
"NVGMYP00000000469206","GE","1124_BSN_CAD_CDM SMALL BAR INC_B1 @RM 3.50_8.1%_GE","Default","14/10/2024","18/11/2024","Price-Off","Display - Medium","Sent for confirmation"
"NVGMYP00000000469207","GE","1124_BSN_CAD_CDM SMALL BAR_B1 @RM 3.50_8.10%_GE","Default","14/10/2024","18/11/2024","Price-Off","Display - Medium","Sent for confirmation"
"NVGMYP00000000456607","GE","1224_7E_CAD_HALLS XS_B1@RM3_11.96%_GE","Default","18/11/2024","17/12/2024","Price-Off","Display - Big","Sent for confirmation"
"NVGMYP00000000456623","GE","1224_7E_CAD_CDM SMALL BAR INC_B1@RM3.50_14.23%_GE","Default","25/11/2024","23/12/2024","Price-Off","Display - Big","Sent for confirmation"
"NVGMYP00000000456624","GE","1224_7E_CAD_CDM SMALL BAR_B1@RM3.50_14.23%_GE","Default","25/11/2024","23/12/2024","Price-Off","Display - Big","Sent for confirmation"
"NVGMYP00000000456726","GE","1224_7E_MDLZ_OREO FS_B1@RM3.50_10.9%_GE","Default","11/11/2024","16/12/2024","Price-Off","Display - Big","Sent for confirmation"
"NVGMYP00000000456729","RBPQ4'24","2024_Q4_Flowback for RBP Big_Royal Baking Powder_MT_Purveyor","Building Block","01/10/2024","31/12/2024","Others","","Sent for confirmation"
"NVGMYP00000000456733","RBPQ4'24","2024_Q4_Flowback for RBP Big_Royal Baking Powder_MT_Trendcell","Building Block","01/10/2024","31/12/2024","Others","","Sent for confirmation"
"NVGMYP00000000456911","CHOC_24","DEC24_GIANT_CADBURY_CDM160G INCLUSIONS_BUY 1 RM8.50_TPR15%_MAILER","Default","12/12/2024","01/01/2025","Price-Off","Display - Small","Sent for confirmation"
"NVGMYP00000000456919","CHOC_24","DEC24_GIANT_CADBURY_CDM SHAREBAG_BUY 1 RM8.99_TPR13%_MAILER_1","Default","28/11/2024","12/12/2024","Price-Off","Display - Big","Sent for confirmation"
"NVGMYP00000000456928","CHOC_24","DEC24_GIANT_CADBURY_CDM FAV SHAREBAG_BUY 1 RM15.49_TPR9%_MAILER","Default","12/12/2024","01/01/2025","Price-Off","Display - Small","Sent for confirmation"
"NVGMYP00000000456942","CHOC_24","DEC24_GIANT_CADBURY_CDM NEAP JAR_BUY 1 RM22.89_TPR9%_MAILER","Default","28/11/2024","12/12/2024","Price-Off","Display - Big","Sent for confirmation"
"NVGMYP00000000456997","TW_24","DEC24_GIANT_MDLZ_TW_CHEEZEL60G_BUY 1 RM1.89_TPR6%_MAILER","Default","12/12/2024","01/01/2025","Price-Off","Display - Medium","Sent for confirmation"
"NVGMYP00000000457003","OREO_24","DEC24_GIANT_MDLZ_OREO FS_BUY 1 RM2.79_TPR12%_MAILER","Default","12/12/2024","01/01/2025","Price-Off","Display - Big","Sent for confirmation"
"NVGMYP00000000457133","JCB_24","DEC24_GIANT_MDLZ_JACOBS MPK500G_BUY 1 RM8.89_TPR14%_MAILER","Default","01/12/2024","31/12/2024","Price-Off","Display - Medium","Sent for confirmation"
"NVGMYP00000000457140","JCB_24","DEC24_GIANT_MDLZ_JACOBS BAKED CRISPS_BUY 1 RM8.89_TPR4%_MAILER","Default","12/12/2024","01/01/2025","Price-Off","Display - Medium","Sent for confirmation"
"NVGMYP00000000457145","CC_24","DEC24_GIANT_MDLZ_CADBURY COOKIE_BUY 1 RM6.49_TPR6%_MAILER","Default","01/11/2024","29/12/2024","Price-Off","Display - Medium","Sent for confirmation"
"NVGMYP00000000457441","OREO_24","DEC24_TRENDCELL_MDLZ_OREO FS_BUY 1 RM3.09_TPR10%","Default","01/12/2024","31/12/2024","NA","Display - Big","Sent for confirmation"
"NVGMYP00000000469866","LISTING","24_BSN_CAD_TTA_VR_NEW LISTING","Trade Spend Only","01/02/2024","31/12/2024","Others","Homeshelf","Sent for confirmation"
"NVGMYP00000000457444","OREO_24","NOV24_TRENDCELL_MDLZ_OREO MP_BUY 1 RM6.49_TPR10%","Default","11/11/2024","05/01/2025","NA","Homeshelf","Sent for confirmation"
"NVGMYP00000000469867","LISTING","24_BSN_MDLZ_TTA_VR_NEW LISTING","Trade Spend Only","01/02/2024","31/12/2024","Others","Homeshelf","Sent for confirmation"
"NVGMYP00000000457452","JACOB'S_24","DEC24_TRENDCELL_MDLZ_JACOBS BAKED CRISPS_BUY 1 RM8.90_TPR10%","Default","01/12/2024","31/12/2024","NA","Display - Small","Sent for confirmation"
"NVGMYP00000000457456","CC_24","NOV24_TRENDCELL_MDLZ_CADBURY COOKIE_BUY 1 RM6.69_TPR6%","Default","11/11/2024","05/01/2025","NA","Display - Small","Sent for confirmation"
"NVGMYP00000000457469","Choco_24","DEC24_TRENDCELL_CADBURY_CDM 180G_BUY 1 RM13.99_TPR14%","Default","01/12/2024","31/12/2024","NA","Display - Small","Sent for confirmation"
"NVGMYP00000000457473","Choco_24","NOV24_TRENDCELL_CADBURY_CDM SHAREBAG_BUY 1 RM8.99_TPR15% ","Default","08/11/2024","05/01/2025","NA","Display - Small","Sent for confirmation"
"NVGMYP00000000457474","Choco_24","DEC24_TRENDCELL_CADBURY_CDM SHAREBAG_BUY 1 RM8.49_TPR11%","Default","01/12/2024","31/12/2024","NA","Display - Small","Sent for confirmation"
"NVGMYP00000000457479","TW_24","DEC24_TRENDCELL_MDLZ_CHIPSTER/CHACHO BIG PACK_BUY 1 RM5.40_TPR10%","Default","01/12/2024","31/12/2024","NA","Display - Small","Sent for confirmation"
"NVGMYP00000000457493","CHOCO_24","NOV24_TFP_CADBURY_CDM SHAREBAG_BUY 1 RM8.49_TPR11%_MAILER ","Default","25/11/2024","25/12/2024","NA","Display - Big","Sent for confirmation"
"NVGMYP00000000457494","CHOCO_24","DEC24_TFP_CADBURY_CDM SHAREBAG_BUY 1 RM8.49_TPR11%_MAILER","Default","01/12/2024","31/12/2024","NA","Display - Big","Sent for confirmation"
"NVGMYP00000000457504","OREO_24","NOV24_TFP_MDLZ_OREO FS_BUY 1 RM2.99_TPR8% ","Default","25/11/2024","25/12/2024","NA","Display - Big","Sent for confirmation"
"NVGMYP00000000457505","OREO_24","DEC24_TFP_MDLZ_OREO FS_BUY 1 RM2.99_TPR8% ","Default","01/12/2024","31/12/2024","NA","Display - Big","Sent for confirmation"
"NVGMYP00000000457510","OREO_24","NOV24_TFP_MDLZ_OREO MP_BUY 1 RM6.30_TPR10% ","Default","25/11/2024","25/12/2024","NA","Display - Big","Sent for confirmation"
"NVGMYP00000000457511","OREO_24","DEC24_TFP_MDLZ_OREO MP_BUY 1 RM6.30_TPR10%","Default","01/12/2024","31/12/2024","NA","Display - Big","Sent for confirmation"
"NVGMYP00000000457523","CM_24","NOV24_TFP_MDLZ_CHIPSMORE MVP_BUY 1 RM9.99_TPR 7%","Default","25/11/2024","25/12/2024","NA","Homeshelf","Sent for confirmation"
"NVGMYP00000000457524","CM_24","DEC24_TFP_MDLZ_CM MID PACK_BUY 1 RM3.89_TPR10%  ","Default","01/12/2024","31/12/2024","NA","Display - Small","Sent for confirmation"
"NVGMYP00000000457530","JCB_24","NOV24_TFP_MDLZ_JACOBS MPK 500_BUY 1 RM9.80_TPR8% ","Default","25/11/2024","25/12/2024","NA","Display - Small","Sent for confirmation"
"NVGMYP00000000457531","JCB_24","DEC24_TFP_MDLZ_JACOBS MPK 500_BUY 1 RM9.80_TPR8% ","Default","01/12/2024","31/12/2024","NA","Display - Small","Sent for confirmation"
"NVGMYP00000000457533","JCB_24","NOV24_TFP_MDLZ_JACOBS BAKED CRISPS_BUY 1 RM8.90_TPR 8%","Default","25/11/2024","25/12/2024","NA","Display - Small","Sent for confirmation"
"NVGMYP00000000457534","JCB_24","DEC24_TFP_MDLZ_JACOBS BAKED CRISPS_BUY 1 RM8.90_TPR6% ","Default","01/12/2024","31/12/2024","NA","Display - Small","Sent for confirmation"
"NVGMYP00000000457538","CC_24","NOV24_TFP_MDLZ_CADBURY COOKIE_BUY 1 RM6.50_TPR 8%","Default","25/11/2024","25/12/2024","NA","Display - Small","Sent for confirmation"
"NVGMYP00000000457539","CC_24","DEC24_TFP_MDLZ_CADBURY COOKIE_BUY 1 RM6.50_TPR6%  ","Default","01/12/2024","31/12/2024","NA","Display - Small","Sent for confirmation"
"NVGMYP00000000457540","JACOB'S_24","NOV24_TRENDCELL_MDLZ_JACOBS BAKED CRISPS_BUY 1 RM8.99_TPR10% ","Default","08/11/2024","05/01/2025","NA","Homeshelf","Sent for confirmation"
"NVGMYP00000000457541","OREO_24","DEC24_TRENDCELL_MDLZ_OREO MP_BUY 1 RM6.49_TPR11% ","Default","01/12/2024","31/12/2024","NA","Display - Big","Sent for confirmation"
"NVGMYP00000000457556","OREO_24","DEC24_GIANT_MDLZ_OREO MP_BUY 1 RM6.29_TPR10%_MAILER _1","Default","28/11/2024","12/12/2024","Price-Off","Display - Big","Sent for confirmation"
"NVGMYP00000000457557","OREO_24","DEC24_GIANT_MDLZ_OREO MP_BUY 1 RM5.99_TPR10%_MAILER","Default","12/12/2024","01/01/2025","Price-Off","Display - Big","Sent for confirmation"
"NVGMYP00000000457786","SNA 12","DEC24_AEONBIG_MDLZ_CHACHOS MID-PACK_BUY 1 @ RM2.75_3%","Default","25/11/2024","05/12/2024","Price-Off","Homeshelf","Sent for confirmation"
"NVGMYP00000000457799","SNA 12","DEC24_AEONBIG_MDLZ_CHACHOS BIG PACK_BUY 1 @ RM5.25_1%","Default","25/11/2024","05/12/2024","Price-Off","Homeshelf","Sent for confirmation"
"NVGMYP00000000472775","CAD LISTING 2024","2024_CAD_NEW PRODUCT LISTING","Trade Spend Only","01/04/2024","31/12/2024","NA","Homeshelf","Sent for confirmation"
"NVGMYP00000000458473","24/12/2024 00:00:00","Dec2024 Aviatrics Rebate Support - MDLZ","Trade Spend Only","01/12/2024","31/12/2024","NA","","Sent for confirmation"
"NVGMYP00000000458511","Dec - MDLZ","Ecom promotions Dec 2024 MDLZ ","Trade Spend Only","01/12/2024","31/12/2024","Price-Off","","Sent for confirmation"
"NVGMYP00000000458535","Dec-MDLZ","Ecom promotions Dec2024 MDLZ","Trade Spend Only","01/12/2024","31/12/2024","Price-Off","","Sent for confirmation"
"NVGMYP00000000470454","CLEARANCE","GIANT_MDLZ_LISTING","Trade Spend Only","01/03/2024","29/12/2024","Price-Off","","Sent for confirmation"
"NVGMYP00000000470455","CLEARANCE","GIANT_CADBURY_LISTING ","Trade Spend Only","01/03/2024","29/12/2024","NA","","Sent for confirmation"
"NVGMYP00000000459193","CHOC 12","DEC24_AEONBIG_CAD_CDM BIG BAR_BUY 1 @ RM7.49_12%","Default","25/11/2024","27/12/2024","Price-Off","Display - Medium","Sent for confirmation"
"NVGMYP00000000470587","NSO 2024","2024_CAD_AEON_NEW STORE OPENING/STORE REFURBISHMENT","Trade Spend Only","08/02/2024","31/12/2024","NA","Homeshelf","Sent for confirmation"
"NVGMYP00000000470588","ADAY 2024","2024_CAD_AEON_A-DAY_CAD 3IN1","Trade Spend Only","08/02/2024","31/12/2024","NA","Homeshelf","Sent for confirmation"
"NVGMYP00000000459414","CHOC 12","DEC24_AEONBIG_CAD_CDM PANNED 180G_BUY 1 @ RM14.99_6%_GE_BD","Default","25/11/2024","05/12/2024","Price-Off","Homeshelf","Sent for confirmation"
"NVGMYP00000000459420","CHOC 12","DEC24_AEONBIG_CAD_CDM SHAREBAG_BUY 1 @ RM8.59_9%_GE_DB","Default","25/11/2024","28/12/2024","Price-Off","Display - Big","Sent for confirmation"
"NVGMYP00000000459424","CHOC 12","DEC24_AEONBIG_MDLZ_TOB 100G_BUY 1 @ RM8.99_6%","Default","25/11/2024","28/12/2024","Price-Off","Homeshelf","Sent for confirmation"
"NVGMYP00000000459462","BISC 12","DEC24_AEONBIG_MDLZ_CAD COOKIES_BUY 1 @ RM5.99_6%","Default","25/11/2024","27/12/2024","Price-Off","Homeshelf","Sent for confirmation"
"NVGMYP00000000459484","BISC 12","DEC24_AEONBIG_MDLZ_CM MID PACK_BUY 1 @ RM3.49_10%","Default","25/11/2024","27/12/2024","Price-Off","Homeshelf","Sent for confirmation"
"NVGMYP00000000459510","BISC 12","DEC24_AEONBIG_MDLZ_CM MINI MP CM OATS MINI MP_BUY 1 @ RM5.99_5%","Default","25/11/2024","05/12/2024","Price-Off","Display - Big","Sent for confirmation"
"NVGMYP00000000459547","BISC 12","DEC24_AEONBIG_MDLZ_JBC BIG PACK_BUY 1 @ RM8.99_1%_GE_BD","Default","25/11/2024","05/12/2024","Price-Off","Display - Big","Sent for confirmation"
"NVGMYP00000000459814","BISC 12","DEC24_AEONBIG_MDLZ_OREO FS_BUY 1 @ RM2.49_19%_4X4/4X2/2X2_DB","Default","25/11/2024","27/12/2024","Price-Off","Display - Big","Sent for confirmation"
"NVGMYP00000000459825","BISC 12","DEC24_AEONBIG_MDLZ_OREO MP_BUY 1 @ RM5.99_9%_4X4_DB","Default","25/11/2024","28/12/2024","Price-Off","Display - Big","Sent for confirmation"
"NVGMYP00000000459976","RBPQ4'24","2024_Q4_Flowback for RBP Big_Royal Baking Powder_MT_Aeon Big","Building Block","01/10/2024","31/12/2024","Others","","Sent for confirmation"
"NVGMYP00000000459983","RBPQ4'24","2024_Q4_Flowback for RBP Big_Royal Baking Powder_MT_Giant","Building Block","01/10/2024","31/12/2024","Others","","Sent for confirmation"
"NVGMYP00000000460054","BISC 12","DEC24_AEON_MONDELEZ_OREO FS_BUY 1 @ RM2.49_24%_GE_DM","Default","25/11/2024","27/12/2024","NA","Display - Medium","Sent for confirmation"
"NVGMYP00000000460061","BISC 12","DEC24_AEON_MONDELEZ_OREO MP_BUY 1 @ RM5.89_15%_GE_DM","Default","25/11/2024","27/12/2024","NA","Display - Medium","Sent for confirmation"
"NVGMYP00000000460070","BISC 12","DEC24_AEON_MONDELEZ_JACOBS BAKED CRISPS_BUY 1 @ RM8.99_4%_INSTORE","Default","25/11/2024","27/12/2024","NA","Homeshelf","Sent for confirmation"
"NVGMYP00000000460090","BISC 12","DEC24_AEON_MONDELEZ_CM MINI MP CM OATS MP_BUY 1 @ RM5.99_11%_INSTORE","Default","25/11/2024","27/12/2024","NA","Homeshelf","Sent for confirmation"
"NVGMYP00000000460100","BISC 12","DEC24_AEON_MONDELEZ_CAD COOKIES_BUY 1 @ RM6.39_8%_INSTORE","Default","25/11/2024","27/12/2024","NA","Homeshelf","Sent for confirmation"
"NVGMYP00000000460112","CHOC 12","DEC24_AEON_CAD_CDM BIG BAR_BUY 1 @ RM7.49_8% - 18%_XMAS FAIR_4X4_DB","Default","25/11/2024","28/12/2024","NA","Display - Big","Sent for confirmation"
"NVGMYP00000000460116","CHOC 12","DEC24_AEON_CAD_CDM SB_BUY 1 @ RM8.49_15%_XMAS FAIR_4X4_DB","Default","25/11/2024","05/12/2024","NA","Display - Big","Sent for confirmation"
"NVGMYP00000000460120","CMOREQ4'24","2024_Q4_Perfect Store_Chipsmore Mid Pack_MT_99 Speedmart","Building Block","01/10/2024","31/12/2024","Others","","Sent for confirmation"
"NVGMYP00000000460124","CMOREQ4'24","2024_Q4_Perfect Store_Chipsmore Mini_MT_99 Speedmart","Building Block","01/10/2024","31/12/2024","Others","","Sent for confirmation"
"NVGMYP00000000460128","CMOREQ4'24","2024_Q4_Perfect Store_Chipsmore Mini MP_MT_99 Speedmart","Building Block","01/10/2024","31/12/2024","Others","","Sent for confirmation"
"NVGMYP00000000460139","JACOBQ4'24","2024_Q4_Perfect Store_Jacobs Value Pack_MT_99 Speedmart","Building Block","01/10/2024","31/12/2024","Others","","Sent for confirmation"
"NVGMYP00000000460143","OREOQ4'24","2024_Q4_Perfect Store_Oreo MP_MT_99 Speedmart","Building Block","01/10/2024","31/12/2024","Others","","Sent for confirmation"
"NVGMYP00000000460159","OREOQ4'24","2024_Q4_Perfect Store_Oreo HS_MT_99 Speedmart","Building Block","01/10/2024","31/12/2024","Others","","Sent for confirmation"
"NVGMYP00000000460188","CHOC 12","DEC24_AEON_CAD_CDM OREO SB CM SB_BUY 1 @ RM9.49_7%_INSTORE","Default","25/11/2024","28/12/2024","NA","Homeshelf","Sent for confirmation"
"NVGMYP00000000460196","OREOQ4'24","2024_Q4_Perfect Store_Oreo Wafer Roll Box_MT_99 Speedmart","Building Block","01/10/2024","31/12/2024","Others","","Sent for confirmation"
"NVGMYP00000000460200","TIGERQ4'24","2024_Q4_Perfect Store_Tiger Basic_MT_99 Speedmart","Building Block","01/10/2024","31/12/2024","Others","","Sent for confirmation"
"NVGMYP00000000460223","TIGERQ4'24","2024_Q4_Perfect Store_Tiger Mid Pack_MT_99 Speedmart","Building Block","01/10/2024","31/12/2024","Others","","Sent for confirmation"
"NVGMYP00000000460227","TIGERQ4'24","2024_Q4_Perfect Store_Tiger MP_MT_99 Speedmart","Building Block","01/10/2024","31/12/2024","Others","","Sent for confirmation"
"NVGMYP00000000460232","CBAKEQ4'24","2024_Q4_Perfect Store_Cadbury Cookies Mid Pack_MT_99 Speedmart","Building Block","01/10/2024","31/12/2024","Others","","Sent for confirmation"
"NVGMYP00000000460263","CHOC 12","DEC24_AEON_CAD_CDM NEAP JAR_BUY 1 @ RM22.49_14%_GE_DM","Default","25/11/2024","28/12/2024","NA","Display - Medium","Sent for confirmation"
"NVGMYP00000000460267","CHOC 12","DEC24_AEON_CAD_CDM PANNED_BUY 1 @ RM13.49_10%_GE_DM","Default","25/11/2024","28/12/2024","NA","Display - Medium","Sent for confirmation"
"NVGMYP00000000460277","CHOC 11","NOV24-DEC24_AEON_CAD_CDM AU_BUY 1 @ RM13.99_10%","Default","23/10/2024","20/12/2024","NA","Display - Medium","Sent for confirmation"
"NVGMYP00000000460290","SNA 12","DEC24_AEON_MONDELEZ_CHACHOS 70G_BUY 1 @ RM2.75_8%","Default","25/11/2024","05/12/2024","NA","Homeshelf","Sent for confirmation"
"NVGMYP00000000460293","SNA 12","DEC24_AEON_MONDELEZ_CHIPSTER 130G & CHACHOS 160G_BUY 1 @ RM5.25-RM6.49_4%","Default","25/11/2024","28/12/2024","Price-Off","Homeshelf","Sent for confirmation"
"NVGMYP00000000460480","AP Q4","Q4 2024_AEONBIG_CAD_ADHOC PROMO","Trade Spend Only","01/10/2024","31/12/2024","Price-Off","","Sent for confirmation"
"NVGMYP00000000460498","Week 49-51","Lotuss_Cadbury CDM Sharebag Buy 1 @ 8.89 TPR 7% + 4% Weekend deal 4x4 Pallet_1204","Default","26/11/2024","24/12/2024","Price-Off","Display - Big","Sent for confirmation"
"NVGMYP00000000473603","CHOC 12","DEC24_AEON_MONDELEZ_TOB SB_BUY 1 @ RM15.49_17%_GE_DM","Default","25/11/2024","28/12/2024","NA","Display - Medium","Sent for confirmation"
"NVGMYP00000000460505","Week 46","1124-1224 Lotuss_Cadbury Zip Sharebag Buy 1 @ 9.90 TPR 4%  pw","Default","04/11/2024","23/12/2024","Price-Off","Display - Small","Sent for confirmation"
"NVGMYP00000000460531","AP Q4","Q4 24_AEONBIG_MDLZ_AD HOC PROMO","Trade Spend Only","01/10/2024","31/12/2024","Price-Off","","Sent for confirmation"
"NVGMYP00000000460573","AP","FY24_AEONBIG_MDLZ_SNACKS_AD HOC PROMO","Trade Spend Only","01/01/2024","31/12/2024","Price-Off","","Sent for confirmation"
"NVGMYP00000000473661","A2B","MAY24-DEC24_AEONBIG_MDLZ_TIGER MID PACK_BUY 1 @ RM2.79_2.25%","Default","01/05/2024","15/12/2024","Price-Off","Homeshelf","Sent for confirmation"
"NVGMYP00000000473717","MDLZ LISTING 2024","2024_AEON_MDLZ_NEW PRODUCT LISTING","Trade Spend Only","01/05/2024","31/12/2024","NA","Homeshelf","Sent for confirmation"
"NVGMYP00000000473718","MDLZ LISTING 2024","2024_AB_MDLZ_NEW PRODUCT LISTING","Trade Spend Only","01/05/2024","31/12/2024","NA","Homeshelf","Sent for confirmation"
"NVGMYP00000000474101","TFPDISPLAY","FY2024_TFP_CAD_TTA_DISPLAY FEE_2024 ","Trade Spend Only","01/04/2024","31/12/2024","NA","","Sent for confirmation"
"NVGMYP00000000474102","TFPCLEAR","FY2024_TFP_MDLZ_LE_CLEARANCE_2024 ","Trade Spend Only","01/05/2024","31/12/2024","NA","","Sent for confirmation"
"NVGMYP00000000474249","HALF GE","24_BSN_MDLZ_TTA_VR_SNACKS GE","Trade Spend Only","01/04/2024","31/12/2024","Display Only","Homeshelf","Sent for confirmation"
"NVGMYP00000000474296","99SMPM","99SM_CAD_HOT CHOC_ OLD COST REBATE 7.58%","Trade Spend Only","01/03/2024","31/12/2024","Price-Off","Homeshelf","Sent for confirmation"
"NVGMYP00000000474983","Display","CADBURY LISTING FEE","Trade Spend Only","01/11/2024","31/12/2024","NA","","Sent for confirmation"
"NVGMYP00000000475242","99SMPM","99SM CAD_CDM LICKABLE_ PRICE MITIGATION 7.11%","Trade Spend Only","01/05/2024","31/12/2024","Price-Off","","Sent for confirmation"
"NVGMYP00000000475507","MDLZ AP Q2","Q2 2024_AEON_MONDELEZ_ADHOC CLEARANCE FUND","Trade Spend Only","26/04/2024","30/06/2024","Price-Off","Homeshelf","Sent for confirmation"
"NVGMYP00000000475608","99SMEDLP","99SM CAD_CDM BLACK FOREST 160G_ TPR 7.25%_EDLP","Trade Spend Only","01/05/2024","15/12/2024","Price-Off","","Sent for confirmation"
"NVGMYP90000000019928","99SMPM","99SM CAD_CDM 37g_ PRICE MITIGATION 4.12%","Trade Spend Only","26/07/2024","31/12/2024","NA","Homeshelf","Not sent to customer"
"NVGMYP90000000019929","99SMPM","99SM CAD_CDM 90g_ PRICE MITIGATION 2.39%","Trade Spend Only","26/07/2024","31/12/2024","NA","Homeshelf","Not sent to customer"
"NVGMYP90000000019930","99SMPM","99SM CAD_CDM 160g_ PRICE MITIGATION 2.33%","Trade Spend Only","26/07/2024","31/12/2024","NA","Homeshelf","Not sent to customer"
"NVGMYP90000000019931","99SMPM","99SM CAD_CDM 160g Black Forest_ PRICE MITIGATION 2.33%","Trade Spend Only","01/12/2024","31/12/2024","NA","Homeshelf","Not sent to customer"
"NVGMYP90000000020050","Wk 49","Lotuss_Mdlz Twisties Cheezels MP  Buy 1 @  RM4.39 TPR 15% - 1124","Default","26/11/2024","10/12/2024","Price-Off","Display - Medium","Sent for confirmation"
"NVGMYP90000000020605","<SELECT>","99SM_CAD_Neaps Sharebag_TPR10%@RM4.90_1224","Default","26/11/2024","26/12/2024","Price-Off","Display - Big","Not sent to customer"
"NVGMYP90000000020711","99SMEDLP","99SM CAD_PICNIC_ TPR 15%_EDLP","Trade Spend Only","16/08/2024","16/02/2025","Price-Off","","Sent for confirmation"
"NVGMYP90000000022291","Week 35 - 50","0824_Lotuss_Cadbury_CDM Mini MP Buy 1 at 7.99 _TPR 4%_Standee","Default","14/08/2024","05/12/2024","Price-Off","Display - Small","Sent for confirmation"
"NVGMYP90000000022412","MDLZ - Dec24","Ecom promotions Dec 2024 MDLZ","Trade Spend Only","01/12/2024","31/12/2024","TPR only","","Not sent to customer"
"NVGMYP90000000022443","Dec'24 - Cad","Ecom Promotions Dec 2024 Cad","Trade Spend Only","01/12/2024","31/12/2024","TPR only","","Not sent to customer"
"NVGMYP90000000022638","Wk 49-51","1124-1224_Lotuss_Cadbury_CDM 160g Buy 1 at 7.69 _TPR 11% + 4% weekend deals 4x4 Pallet","Default","26/11/2024","24/12/2024","Price-Off","Display - Small","Sent for confirmation"
"NVGMYP90000000022641","WK 50","1224_Lotuss_Cadbury3in1_Buy1_RM15.99_TPR_12% ","Default","03/12/2024","17/12/2024","Price-Off","Display - Small","Sent for confirmation"
"NVGMYP90000000022644","wk49","Lotuss Mdlz Tiger MP TPR 5% @ RM5.99- 1224","Default","26/11/2024","10/12/2024","Price-Off","Display - Medium","Sent for confirmation"
"NVGMYP90000000022768","Lotus Voucher","Lotuss Bespoke Voucher Q4'24","Trade Spend Only","01/10/2024","31/12/2024","NA","","Sent for confirmation"
"NVGMYP90000000025698","CAD DISPLAY Q4","Q4 2024_AEON_CAD_DISPLAY FUND","Trade Spend Only","01/10/2024","31/12/2024","Price-Off","Display - Big","Not sent to customer"
"NVGMYP90000000025701","MDLZ DISPLAY Q4","Q4 2024_AEON_MDLZ_DISPLAY FUND","Trade Spend Only","01/10/2024","31/12/2024","Price-Off","Display - Big","Not sent to customer"
"NVGMYP90000000025778","Choco_24","NOV24_TRENDCELL_CADBURY_CAD 3IN1 DRINKS_BUY 1 RM15.99_MAILER_TPR20%","Default","11/11/2024","05/01/2025","Price-Off","Display - Small","Not sent to customer"
"NVGMYP90000000025781","Choco_24","NOV24_TRENDCELL_CADBURY_CDM 180G (60)_BUY 1 RM14.99_MAILER_TPR18%","Default","11/11/2024","29/12/2024","Price-Off","Display - Small","Not sent to customer"
"NVGMYP90000000025794","Choco_24","NOV24_TRENDCELL_CADBURY_CDM 180G (64)_BUY 1 RM14.99_MAILER_TPR18%","Default","11/11/2024","05/01/2025","Price-Off","Display - Small","Not sent to customer"
"NVGMYP90000000025796","Choco_24","NOV24_TRENDCELL_CADBURY_CDM 180G (56)_BUY 1 RM14.99_MAILER_TPR18%","Default","11/11/2024","05/01/2025","Price-Off","Display - Small","Not sent to customer"
"NVGMYP90000000025808","Choco_24","NOV24_TRENDCELL_CADBURY_CDM 180G (52)_BUY 1 RM14.99_MAILER_TPR18%","Default","11/11/2024","05/01/2025","Price-Off","Display - Small","Not sent to customer"
"NVGMYP90000000025816","Tob_24","NOV24_TRENDCELL_MDLZ_TOBLERONE SHAREBAG_BUY 1 RM17.49_MAILER_TPR10%","Default","25/11/2024","05/01/2025","Price-Off","Display - Small","Not sent to customer"
"NVGMYP90000000025823","Choco_24","NOV24_TFP_CADBURY_CDM 180G_BUY 1 RM15.99_MAILER_TPR11%","Default","22/11/2024","25/12/2024","Price-Off","Display - Small","Not sent to customer"
"NVGMYP90000000027478","CHOC_24","DEC24_GIANT_MDLZ_TOBLERONE SHAREBAG_BUY 1 RM15.49_TPR14%_MAILER ","Default","12/12/2024","01/01/2025","Price-Off","Display - Medium","Sent for confirmation"
"NVGMYP90000000027484","CHOC_24","DEC24_GIANT_CADBURY_CDM 180G_BUY 1 RM15.49_TPR5%_MAILER","Default","07/11/2024","29/12/2024","Price-Off","Display - Big","Sent for confirmation"
"NVGMYP90000000027499","CM_24","DEC24_GIANT_MDLZ_CM REG MP_BUY 1 RM7.99_TPR12%_MAILER","Default","14/11/2024","28/11/2024","Price-Off","Display - Medium","Sent for confirmation"
"NVGMYP90000000027513","CM_24","DEC24_GIANT_MDLZ_CM HANDY MP_BUY 1 RM5.99_TPR8%_MAILER","Default","12/12/2024","01/01/2025","Price-Off","Display - Medium","Sent for confirmation"
"NVGMYP90000000027518","Cyc 12-13","1024-1224 Lotuss_Mdlz_Toblerone SB Buy 1 @ 17.99 TPR 7%_Standee_TDU","Default","15/10/2024","10/12/2024","Price-Off","Display - Small","Sent for confirmation"
"NVGMYP90000000028358","HANGSELL","10-12_BSN_CAD_HALLS XS HANGSELL","Trade Spend Only","04/10/2024","31/12/2024","Price-Off","Homeshelf","Not sent to customer"
"NVGMYP90000000028359","GE","1224_BSN_CAD_HALLSXS_B2 @RM 5.50_GE","Default","01/12/2024","31/12/2024","Price-Off","Display - Medium","Not sent to customer"
"NVGMYP90000000028488","GE","1224_BSN_MDLZ_OREO DSRV_B1 @RM4.5_11.98 GE","Default","11/11/2024","16/12/2024","Price-Off","Display - Big","Sent for confirmation"
"NVGMYP90000000028514","CATCHAMOMENT","1224_BSN_MDLZ_OREOMINIPOUCH61.3_B1 @RM3.20_11%_CATCHAMOMENT","Default","01/12/2024","09/12/2024","Price-Off","Homeshelf","Sent for confirmation"
"NVGMYP90000000028516","GE","1224_BSN_CAD_CDM OREO BUBBLY_GE","Trade Spend Only","11/11/2024","16/12/2024","Price-Off","Display - Big","Not sent to customer"
"NVGMYP90000000028881","WK47-5","Lotuss_Mdlz_Oreo DS_RM3.39_TPR 8%_1124-0224","Default","31/10/2024","28/01/2025","Price-Off","Display - Medium","Sent for confirmation"
"NVGMYP90000000028883","WK51-5","Lotuss Mdlz Oreo_FS_DS_RV@RM3.38TPR 7%1224-0224","Default","26/11/2024","28/01/2025","Price-Off","Display - Medium","Sent for confirmation"
"NVGMYP90000000030273","01bisc","0125_7E_MDLZ_OREO FS_GE","Trade Spend Only","30/12/2024","02/02/2025","Price-Off","Display - Big","Sent for confirmation"
"NVGMYP90000000031307","AEON BIG CDM PANNED TIN","AEON BIG_CAD_CDM PANNED TIN_BUY 1@RM 18.88_TPR 3%_CNY_JAN 25","Default","01/12/2024","20/02/2025","Price-Off","Homeshelf","Not sent to customer"
"NVGMYP90000000031308","AB CDM FAV BOX","AEON BIG_CAD_CDM FAV BOX_BUY 1@ RM 21.99_TPR 4%_ CNY_JAN 25","Default","01/12/2024","20/02/2025","Price-Off","Homeshelf","Not sent to customer"
"NVGMYP90000000032841","99SMLINEPRICE","99SM_MDLZ_OREO MP LYCHEE_TPR 15%@RM6.10_LINE PRICE","Trade Spend Only","01/11/2024","31/01/2025","Price-Off","Display - Medium","Sent for confirmation"
"NVGMYP90000000033383","WK49-5","Lotuss_Mdlz_Oreo RV MP_RM7.29_TPR 8%_1124-0224","Default","26/11/2024","28/01/2025","Price-Off","Display - Medium","Sent for confirmation"
"NVGMYP90000000033455","WK 47 & 49","Lotuss_MDLZ_Mcvities 400g_RM9.89_TPR_5% _1124","Default","12/11/2024","10/12/2024","NA","Display - Small","Sent for confirmation"
"NVGMYP90000000033550","ADHOC","1124_7E_CAD_CDM MINI BAR OREO_B1@RM1_30%_ADHOC","Default","24/10/2024","31/10/2024","Price-Off","Display - Medium","Sent for confirmation"
"NVGMYP90000000033559","INSTOREOCT24","MYDIN_MDLZ_CHIPSMORE MIDPACK_BUY 1@RM3.49_TPR12%_INSTOREOCT-NOV24","Default","19/11/2024","29/12/2024","NA","Homeshelf","Sent for confirmation"
"NVGMYP90000000033564","NOV24","MYDIN_MDLZ_CHIPSMORE REG MP_BUY 1@RM8.19_REBATE 8%_NOV24","Default","14/11/2024","16/12/2024","TPR only","Homeshelf","Not sent to customer"
"NVGMYP90000000033565","NOV24","MYDIN_CADBURY_CDM BIG; FV SHAREBAG_BUY 1@RM15.90_TPR 3%_INSTORENOV24","Default","11/11/2024","29/12/2024","NA","Display - Small","Sent for confirmation"
"NVGMYP90000000033641","99SM1224","99SM_MDLZ_CHIPSTER 130G_TPR13%@RM5.79_1224","Default","19/11/2024","19/12/2024","Price-Off","Display - Medium","Not sent to customer"
"NVGMYP90000000034340","Cad - December 24","Ecom promotions December 2024 Cad","Trade Spend Only","01/12/2024","31/12/2024","Price-Off","","Not sent to customer"
"NVGMYP90000000034344","AB OREO BUBBLY BIG BAR","AEON BIG_CAD_CDM OREO BUBBLY BIG BAR_BUY 1 @RM 7.49_TPR 12%_ CNY_JAN25","Default","01/12/2024","20/02/2025","Price-Off","Homeshelf","Not sent to customer"
"NVGMYP90000000034346","99SMEDLP","99SM_CAD_HOT CHOC 5S_ TPR 9%_EDLP","Trade Spend Only","01/11/2024","31/12/2024","Price-Off","Homeshelf","Sent for confirmation"
"NVGMYP90000000034351","99SMEDLP","99SM CAD_CDM BUBBLY 50G_ TPR 12%_EDLP","Trade Spend Only","01/12/2024","31/12/2024","Price-Off","","Sent for confirmation"
"NVGMYP90000000034448","CLEARANCE","Lotuss CDM Clearance Q4","Trade Spend Only","01/11/2024","31/12/2024","Price-Off","","Sent for confirmation"
"NVGMYP90000000034484","GE","1224_BSN_MDLZ_OREO DSRV_ GE","Trade Spend Only","11/11/2024","16/12/2024","Price-Off","Display - Big","Not sent to customer"
"NVGMYP90000000034507","CLEAR","[2025] - CARING_MONDELEZ_CM OATS MINI 80G_CLEARANCE HIGH SOH_TPR 13%/48%","Trade Spend Only","20/05/2024","29/07/2024","NA","","Sent for confirmation"
"NVGMYP90000000035082","99SM1224","99SM_MDLZ_TOBLERONE SHAREBAG_TPR25%@RM10.99_1224","Default","13/11/2024","28/12/2024","Price-Off","Homeshelf","Sent for confirmation"
"NVGMYP90000000035458","Oreo_24","NOV24_TRENDCELL_MDLZ_OREO FS_BUY 1 RM2.99_TPR12%","Default","11/11/2024","05/01/2025","Price-Off","Homeshelf","Not sent to customer"
"NVGMYP90000000035459","Wk51","Lotuss_Mdlz_TwistiesCheezelsMP _Buy1 _RM4.39_TPR 15%_1224","Default","19/11/2024","03/12/2024","Price-Off","Display - Medium","Sent for confirmation"
"NVGMYP90000000035589","NOV24(R)","MYDIN_MDLZ_TIGER MP_B2 @ RM10.99_TPR 5%_NOV24(R)","Default","14/11/2024","16/12/2024","NA","Homeshelf","Sent for confirmation"
"NVGMYP90000000043525","INSTOREDEC24","MYDIN_CADBURY_NEAP JAR_BUY 1@RM23.90_TPR 5%_INSTORE DEC24","Default","09/12/2024","28/01/2025","NA","Display - Big","Sent for confirmation"
"NVGMYP90000000043526","INSTOREDEC24","MYDIN_CADBURY_FAVE BOX_BUY 1@RM17.50_TPR 1%_INSTORE DEC24","Default","09/12/2024","28/01/2025","NA","Display - Big","Sent for confirmation"
"NVGMYP90000000043539","INSTOREDEC24","MYDIN_MDLZ_TIGER MIDPACK_B2@RM5.18_TPR 10%_INSTORE DEC24","Default","09/12/2024","28/01/2025","NA","Display - Small","Sent for confirmation"
"NVGMYP90000000043705","OREO_25","NOV24_TRENDCELL_MDLZ_OREO FS_BUY 1 RM 2.99_TPR 12%_ADHOC XMAS","Default","22/11/2024","05/01/2025","Price-Off","Homeshelf","Not sent to customer"
"NVGMYP90000000043708","CM_24","NOV24_TRENDCELL_MDLZ_CHIPSMORE MID PACK_BUY 1 RM3.69_TPR 11%","Default","22/11/2024","05/01/2025","Price-Off","Homeshelf","Not sent to customer"
"NVGMYP90000000043712","TW_25","NOV24_TRENDCELL_MDLZ_TWISTIES BIG PACK_BUY 1 RM3.59_TPR 11%_ADHOC","Default","22/11/2024","05/01/2025","Price-Off","Homeshelf","Not sent to customer"
"NVGMYP90000000043717","Choco_24","NOV24_TRENDCELL_CADBURY_CDM SHAREBAG_BUY 1 RM8.99_TPR 11%","Default","22/11/2024","05/01/2025","Price-Off","Display - Small","Not sent to customer"
"NVGMYP90000000043735","CHEEZELS_24","NOV24_TRENDCELL_MDLZ_CHEEZELS BIG PACK_BUY 1 RM3.59_TPR 11%","Default","22/11/2024","05/01/2025","Price-Off","Homeshelf","Not sent to customer"
"NVGMYP90000000044226","Tob_24","DEC24_TFP_MDLZ_TOBLERONE SHAREBAG_BUY 1 RM18.99_TPR 11%","Default","25/11/2024","25/12/2024","Price-Off","Display - Small","Not sent to customer"
"NVGMYP90000000044236","TW_24","NOV24_TFP_MDLZ_TWISTIES/ CHEEZELS BIG PACK_BUY 1 RM3.99_TPR 9%","Default","25/11/2024","25/12/2024","Price-Off","Homeshelf","Not sent to customer"
"NVGMYP90000000044248","OREO_24","NOV24_TFP_MDLZ_OREO CRUMBS 454G_BUY 1 RM10.99_TPR 8%","Default","25/11/2024","31/03/2025","Price-Off","Homeshelf","Not sent to customer"
"NVGMYP90000000044254","GRO_24","NOV24_TFP_MDLZ_ROYAL BAKING POWDER_BUY 1 RM5.29_TPR 10%","Default","25/11/2024","31/03/2025","Price-Off","Homeshelf","Not sent to customer"
"NVGMYP90000000044258","GRO_24","NOV24_TFP_MDLZ_BIRD CUSTARD FOIL_BUY 1 RM5.99_TPR 7%","Default","25/11/2024","25/12/2024","Price-Off","Homeshelf","Not sent to customer"
"NVGMYP90000000044927","MDLZ -DEC24","Ecom promotions DECEMBER 2024 MDLZ","Trade Spend Only","01/12/2024","31/12/2024","TPR only","","Not sent to customer"
"NVGMYP90000000045372","BISC 12","DEC24_AEON_MONDELEZ_OREO DS & OREO RV FS_BUY 1 @ RM3.29_12%_GE_DM","Default","25/11/2024","27/12/2024","Price-Off","Display - Medium","Not sent to customer"
"NVGMYP90000000045375","BISC 12","DEC24_AEON_MONDELEZ_OREO RV MP_BUY 1 @ RM7.29_10%_GE_DM","Default","25/11/2024","27/12/2024","Price-Off","Display - Medium","Not sent to customer"
"NVGMYP90000000045377","BISC 12","DEC24_AEON_MONDELEZ_TIGER MID PACK_BUY 1 @ RM2.49_18%_INSTORE","Default","25/11/2024","27/12/2024","Price-Off","Homeshelf","Not sent to customer"
"NVGMYP90000000045429","CHOC 12","DEC24_AEON_MONDELEZ_TOB MID BAR_BUY 1 @ RM7.99_19%_GE_DM","Default","01/12/2024","28/12/2024","Price-Off","Display - Medium","Not sent to customer"
"NVGMYP90000000046335","<SELECT>","testing data ","Default","01/12/2024","31/12/2024","Price-Off","Homeshelf","Not sent to customer"
"NVGMYP90000000046340","<SELECT>","Create new event after db changes from prod to UAT ","Default","01/12/2024","31/12/2024","Price-Off","Homeshelf","Not sent to customer"
"NVGMYP90000000046345","<SELECT>","Checking llmit of Objective Notes 2000 characters","Default","01/12/2024","31/12/2024","Price-Off","Homeshelf","Not sent to customer"
"NVGMYP90000000046347","<SELECT>","Testing UAT 3rd Dec 2024","Default","01/12/2024","31/12/2024","Price-Off","Homeshelf","Not sent to customer"
"NVGMYP90000000046353","GE","[UAT 3 dec] - 1224_7E_MDLZ_OREO FS_GE","Trade Spend Only","18/11/2024","23/12/2024","Price-Off","Display - Big","Sent for confirmation"
"NVGMYP90000000046358","CDMQ4'24","[UAT 3 dec] - 2024_Q4_Store Opening_CDM Mini Bar_MT_7-11","Building Block","08/10/2024","07/01/2025","Others","","Sent for confirmation"
"NVGMYP90000000046359","OREOQ4'24","[UAT 3 dec] - 2024_Q4_Coverage_Oreo HS_MT_7-11","Building Block","08/10/2024","07/01/2025","Others","","Sent for confirmation"
"NVGMYP90000000046370","<SELECT>","Testing UAT 3rd Dec 2024 test copied","Default","01/12/2024","31/12/2024","Price-Off","Homeshelf","Not sent to customer"
"NVGMYP90000000046371","<SELECT>","Testing UAT 3rd Dec 2024 test copied- COPIED","Default","01/12/2024","31/12/2024","Others","","Not sent to customer"
"NVGMYP90000000046375","<SELECT>","Testing UAT 3rd Dec 2024 test copied- COPIED testing","Default","01/12/2024","31/12/2024","Price-Off","Homeshelf","Not sent to customer"
"NVGMYP90000000046392","<SELECT>","Testing event 4 dec ","Default","01/12/2024","31/12/2024","Price-Off","Homeshelf","Not sent to customer"
"NVGMYP90000000046474","<SELECT>","Test Event 6/dec","Default","01/12/2024","31/12/2024","Price-Off","Homeshelf","Not sent to customer"
"NVGMYP90000000046475","Promo code testing","UAT SMOKE TEST Event on Malaysia 06-Dec-2024 TIME:7:28 PM PST","Default","01/12/2024","31/12/2024","Price-Off","Homeshelf","Not sent to customer"
"NVGMYP90000000046481","CMOREQ4'24","[6/12/24] - 2024_Q4_Renovation_Chipsmore Mid Pack_MT_Aeon","Building Block","01/10/2024","31/12/2024","Others","","Sent for confirmation"
"NVGMYP90000000046488","99SM09241024","[6/12/24] - 99SM_MDLZ_OREO MINI MP_TPR10%@RM5.90_09241024","Default","06/12/2024","13/12/2024","Price-Off","Display - Medium","Sent for confirmation"
"NVGMYP90000000046582","<SELECT>","9th dec 2024- UAT","Default","09/12/2024","15/12/2024","Price-Off","Homeshelf","Not sent to customer"
"NVGMYP90000000046585","OREOQ4'24","[uat9/12] - thisyear_q4_coverage_oreo hs_mt_7-11","Building Block","08/10/2024","07/01/2025","Others","","Sent for confirmation"
"NVGMYP90000000046600","OREOQ4'24","[1234] - 2024_Q4_Coverage_Oreo HS_MT_7-11","Building Block","29/10/2024","28/01/2025","Others","","Sent for confirmation"
"NVGMYP90000000046602","ADHOC","[1234] - 0824_7E_MDLZ_ADHOC_OREO HS_B1@RM1.50_ADHOC","Default","29/08/2024","30/09/2024","Price-Off","Display - Big","Sent for confirmation"
"NVGMYP90000000046603","ADHOC","[1234] - 0824_7E_MDLZ_TW_B1@RM1.50_ADHOC","Default","29/08/2024","30/09/2024","Others","Homeshelf","Sent for confirmation"
"NVGMYP90000000046604","Promo code testing","UAT SMOKE TEST Event on Malaysia 09-Dec-2024 TIME:8:50 PM PST","Default","01/12/2024","31/12/2024","Price-Off","Homeshelf","Not sent to customer"
